Unnamed: 0,Pregnancies,Glucose,BloodPressure,SkinThickness,Insulin,BMI,DiabetesPedigreeFunction,Age
-1.7297969994475624,0.6399472601593604,0.8663522332240429,-0.030667938666632817,0.632572147722715,0.04612149442697104,0.1703019431610853,0.4684919773786535,1.4259954044228447
-1.7252864466458737,-0.8448850534430228,-1.202079006835966,-0.5230646681991842,-0.022165600863599175,-0.5979022822987349,-0.8454109042883718,-0.36506077757159944,-0.19067190513648613
-1.7207758938441853,1.2338801856003137,2.0154806999240478,-0.6871969113767012,0.04330817399503239,2.242666538557279,-1.324246960943116,0.6043973178596731,-0.1055841520017845
-1.7162653410424966,-0.8448850534430228,-1.0707500392131082,-0.5230646681991842,-0.6769033494499133,-0.6019400489239745,-0.6277581512634882,-0.9207626142051013,-1.0415494364835023
-1.711754788240808,-1.1418515161634994,0.5051975722611842,-2.6567838295069066,0.632572147722715,0.1450467767453398,1.5487693789853485,5.48490910046695,-0.020496398867082873
-1.7072442354391195,0.34298079743888377,-0.18427950775881874,0.13346430451088429,0.7198705142008899,0.003724944861956024,-0.9905127396382943,-0.8180785791749976,-0.27575965827118776
-1.7027336826374309,-0.2509521280020695,-1.4319047001759668,-1.836122613619321,0.3052032734295579,-0.6625065483025675,-0.20696282874871327,-0.6761330013392661,-0.6161106708099943
-1.6982231298357424,1.8278131110412668,-0.21711174966453317,0.5273816881369251,0.9817656136354161,-0.01848277157686131,0.41697506325595285,-1.0204265305578488,-0.3608474114058894
-1.6937125770340538,-0.5479185907225461,2.4751320866040496,-0.19480018184414993,1.7238017286999052,3.9304529879074055,-0.2795137464236745,-0.9479436823013052,1.6812586638269496
-1.6892020242323653,1.2338801856003137,0.11121066939261108,1.9389189794635726,0.5452737812445401,0.13697124349486062,0.5533707884848796,-0.7244549001769619,1.7663464169616512
-1.6846914714306767,0.04601433471840714,-0.3812729591931053,1.6106544931085383,0.7198705142008899,0.003724944861956024,0.7507092845607751,-0.8482797659485575,-0.27575965827118776
-1.6801809186289882,1.8278131110412668,1.5229970713383314,0.13346430451088429,0.3052032734295579,2.242666538557279,0.8087500187007438,0.1966812964166146,0.06459135426761875
-1.6756703658272996,1.8278131110412668,0.5708620560726131,0.6258610340434356,-0.3058852919176688,0.02593266130077336,-0.7728599866134106,2.9268685807464285,2.021609676365756
-1.6711598130256111,-0.8448850534430228,2.212474151358334,-1.0154613977317355,-0.6769033494499133,6.989061206526355,-0.3375544805636433,-0.22311519973586783,2.1917851826351593
-1.6666492602239225,0.34298079743888377,1.4573325875269025,-0.030667938666632817,-1.1133951818407894,0.2157076926870317,-0.9614923725683099,0.34768723028441384,1.5110831575575463
-1.662138707422234,0.9369137228798371,-0.7095953782502495,-0.49023821956368024,-0.10946396734177447,-0.3293908017203057,-0.35206466409863574,0.03661500651674708,-0.1055841520017845
-1.6576281546205454,-1.1418515161634994,-0.11861502394738989,0.9541255203984699,1.9420476448953432,0.7709006036574679,1.9405443344301385,0.23896295789959848,-0.19067190513648613
-1.6531176018188567,0.9369137228798371,-0.4797696849102486,0.13346430451088429,0.15243113209275141,0.00978159479981527,-0.4101053982386045,-0.6580122892751302,-0.19067190513648613
-1.6486070490171683,-0.8448850534430228,-0.6110986525331062,-3.477445045394492,0.959941022015872,-0.7129786311180617,1.5777897460553325,-0.8724407153674054,-0.020496398867082873
-1.6440964962154796,-0.8448850534430228,-0.21711174966453317,-0.19480018184414993,0.08695735723411985,-0.5817512157977768,0.31540377851100776,0.1725203469977667,-0.1055841520017845
-1.6395859434137912,-0.2509521280020695,0.1440429112983255,1.2823900067535041,1.287309896309029,0.8213726864729621,0.9973824046556427,0.7010411155350644,-0.5310229176752926
-1.6350753906121025,1.2338801856003137,-0.742427620155964,0.9541255203984699,0.28337868181001413,0.1450467767453398,0.4314852467909453,-0.2533163865094277,1.4259954044228447
-1.630564837810414,0.9369137228798371,2.442299844698335,1.446522249931021,-0.21858692543949348,2.2325721219941803,1.0699333223306038,-0.06304890983600046,0.6602056262105301
-1.6260542850087254,1.5308466483207903,-0.08578278204167547,0.6258610340434356,0.632572147722715,0.20157550949869327,-0.4971664994485582,-0.6308312211789263,-0.3608474114058894
-1.621543732207037,2.1247795737617436,0.7021910236954707,1.7747867362860554,0.4143262315272769,-0.07703038764283471,0.6056074492108526,-0.6580122892751302,1.5110831575575463
-1.6170331794053483,1.8278131110412668,0.11121066939261108,-0.19480018184414993,-0.34953447515675623,-0.3899573010988988,-0.19245264521372082,-0.8059981044655736,0.6602056262105301
-1.6125226266036599,0.9369137228798371,0.8335199913183284,0.2975965476884014,-0.2840607002981247,0.04612149442697104,1.011892588190635,-0.6489519332430622,0.8303811324799334
-1.6080120738019712,-0.8448850534430228,-0.8080921039673928,-0.5230646681991842,-1.5498870142316654,-0.13759688702142775,-1.3387571444781086,0.04567536254881505,-0.9564616833488008
-1.6035015210002828,2.718712499202697,0.7678555075068996,0.7899932772209527,-1.1133951818407894,-0.440429383914393,-1.4838589798280308,-0.6851933573713341,2.021609676365756
-1.598990968198594,0.34298079743888377,-0.1514472658531043,1.6106544931085383,0.5670983728640834,0.2318587591879898,0.2428528608360465,-0.4073424390545831,0.40494236680642526
-1.5944804153969054,0.34298079743888377,-0.4141052010988197,0.21553042609964285,-0.34953447515675623,-0.09721922076903239,0.5185463480008989,0.22386236451281855,2.276872935769861
-1.589969862595217,-0.2509521280020695,1.194674652281187,0.2975965476884014,0.741695105820434,0.9223168521039505,-0.1199017275387596,1.1449985611063949,-0.445935164540591
-1.5854593097935283,-0.2509521280020695,-1.1035822811188227,-1.1795936409092527,-1.9863788466225416,-1.0057167114479282,-1.1065942079182323,-0.6187507464695023,-0.9564616833488008
-1.58094875699184,0.6399472601593604,-0.9722533134959649,1.6106544931085383,-0.5023066164935627,-0.5595434993589593,-1.8175932011328526,-0.8573401219806255,-0.445935164540591
-1.5764382041901512,1.8278131110412668,0.01271394367546781,0.4617287908659185,0.19608031533183887,-0.09721922076903239,-0.7003090689384494,0.12117832948271484,1.0005566387493365
-1.5719276513884628,0.04601433471840714,-0.6110986525331062,-1.0154613977317355,0.4143262315272769,0.387312774259712,-1.2226756761981705,1.4923122090023335,-0.020496398867082873
-1.5674170985867741,2.1247795737617436,0.5380298141668987,0.2975965476884014,0.5234491896249959,0.5629556224576319,0.11226120902111653,-0.15667258883403617,0.14967910740232038
-1.5629065457850857,1.5308466483207903,-0.6439308944388207,0.2975965476884014,0.850818063918153,-0.2728620689669523,0.06873065841613916,0.5832564871181811,1.0856443918840382
-1.558395992983397,-0.5479185907225461,-1.0379177973073939,-0.35893242502166706,1.3964328544067481,-0.35361740147174303,0.8377703857707288,0.09399726138651092,-0.5310229176752926
-1.5538854401817086,0.04601433471840714,-0.34844071728739084,-0.030667938666632817,1.9420476448953432,0.5387290227061946,0.6781583668858139,2.7728425282012727,1.9365219232310544
-1.54937488738002,-0.2509521280020695,1.9169839742069044,-0.6871969113767012,-0.4586574332544753,-0.8442060464383466,0.22834267730105406,-0.6066702717600784,-0.6161106708099943
-1.5448643345783315,0.9369137228798371,0.3738686046383265,0.9541255203984699,0.436150823146821,0.6356354217119434,1.1279740564705736,0.6768801661162166,0.31985461367172363
-1.5403537817766428,0.9369137228798371,-0.512601926815963,1.6106544931085383,-1.2225181399385083,-0.30112643534362904,-1.4113080621530698,-0.715394544144894,1.2558198981534414
-1.5358432289749542,1.5308466483207903,1.6214937970554746,3.0878446817061924,-0.5677803913521943,0.8718447692884563,1.8825036002901698,0.7523831330501163,1.7663464169616512
-1.5313326761732657,0.9369137228798371,1.2275068941869016,-0.6871969113767012,0.6543967393422591,0.6477487215876622,-0.7293294360084343,-0.5372075421808907,0.5751178730758285
-1.526822123371577,-1.1418515161634994,1.9169839742069044,-0.5230646681991842,1.069063980113591,0.9949966513582621,1.3891573601004337,4.2919622229113354,-0.7011984239446959
-1.5223115705698886,-0.8448850534430228,0.800687749412614,-1.3437258840867696,0.45797541476636433,0.3166518583180201,-0.3955952147036126,0.27822450070522603,-0.3608474114058894
-1.5178010177682,-0.5479185907225461,-1.661730393515968,-0.19480018184414993,-0.2404115170590372,-0.6483743651142291,-0.6422683347984807,0.3446671116070579,-0.9564616833488008
-1.5132904649665115,0.9369137228798371,-0.6110986525331062,-0.5230646681991842,0.3052032734295579,-0.5756945658599175,0.9683620375856588,-0.38620160831309136,-0.19067190513648613
-1.5087799121648229,0.9369137228798371,-0.5454341687216774,-0.2276266304796538,0.28337868181001413,-0.4162027841629557,0.25736304437103896,-0.5039862367299749,-0.7862861770793975
-1.5042693593631344,-0.8448850534430228,-0.6110986525331062,0.6258610340434356,-1.9863788466225416,-0.7230730476811605,-1.8901441188078139,0.05775583725823902,-0.9564616833488008
-1.4997588065614458,-0.8448850534430228,-0.6767631363445351,-1.836122613619321,-1.5498870142316654,-1.1874162095837073,-1.193655309128186,0.16345999096569871,-0.6161106708099943
-1.4952482537597573,0.34298079743888377,-1.1035822811188227,-0.5230646681991842,-0.8951492656453514,-1.3186436249039921,-1.1646349420582016,-0.3922418456678032,-0.27575965827118776
-1.4907377009580687,1.2338801856003137,1.7856550065840469,1.446522249931021,0.5234491896249959,1.477509763074387,0.18481212669607774,-0.014727010998304601,2.106697429500458
-1.48622714815638,0.9369137228798371,0.9320167170354717,-0.5230646681991842,1.3964328544067481,1.9014752587245383,0.3299139620460002,0.7433227770180484,0.7452933793452318
-1.4817165953546916,-0.8448850534430228,-1.596065909704539,-1.836122613619321,-2.0955018047202607,-1.0642643275139014,-1.3677775115480928,-0.6761330013392661,-1.0415494364835023
-1.477206042553003,0.9369137228798371,2.1468096675469055,-0.35893242502166706,1.069063980113591,1.5178874293267823,0.7652194680957676,-0.6580122892751302,0.6602056262105301
-1.4726954897513145,-1.1418515161634994,-0.7095953782502495,1.2823900067535041,3.3606461001656904,-0.440429383914393,2.085646169780061,1.4802317342929094,-0.19067190513648613
-1.4681849369496258,-1.1418515161634994,0.800687749412614,0.7899932772209527,0.3052032734295579,0.6638997880886203,1.17150460707555,3.9537089310474642,0.915468885614635
-1.4636743841479374,-1.1418515161634994,-0.5454341687216774,-0.6871969113767012,1.287309896309029,-0.11740805389523007,1.3166064424254724,-0.9026419021409653,-0.9564616833488008
-1.4591638313462487,-0.5479185907225461,-1.2349112487416802,-0.9333952761429769,-1.135219773460333,-0.9512068620071943,-1.1153003180392276,-0.5070063554073309,-1.0415494364835023
-1.4546532785445603,1.2338801856003137,0.3738686046383265,-0.030667938666632817,0.26155409019047043,0.42769044051210736,0.06873065841613916,-0.6096903904374343,0.4900301199411269
-1.4501427257428716,0.34298079743888377,-2.5482009249702573,-0.8513291545542183,-0.8296754907867198,-1.0339810778246048,-1.077573840848248,0.34768723028441384,0.234766860537022
-1.4456321729411832,-0.5479185907225461,0.6365265398840418,-1.1795936409092527,0.5234491896249959,-0.25872988577861383,-1.0195331067082791,0.6859405221482845,-0.7862861770793975
-1.4411216201394945,0.9369137228798371,-0.2499439915702476,-0.5230646681991842,0.08695735723411985,-0.335447451658165,0.05422047488114672,-0.6459318145657063,0.7452933793452318
-1.436611067337806,0.34298079743888377,-0.742427620155964,0.13346430451088429,-0.2404115170590372,-0.8502626963762059,-0.4971664994485582,-0.8120383418202856,-0.1055841520017845
-1.4321005145361174,-1.1418515161634994,-0.4141052010988197,1.2823900067535041,0.08695735723411985,-0.14163465364666736,0.010689924276170397,1.1570790358158187,0.40494236680642526
-1.4275899617344288,-0.5479185907225461,-0.4141052010988197,1.6106544931085383,0.9381164303963279,0.24195317575108863,1.4907286448453798,1.1268778490422589,1.7663464169616512
-1.4230794089327403,-0.8448850534430228,-0.8737565877788217,-0.5230646681991842,-1.7681329304271034,-1.1672273764575096,-1.861123751737829,-0.4164027950866511,-0.7011984239446959
-1.4185688561310517,0.04601433471840714,0.800687749412614,1.0361916419872284,-0.2404115170590372,-0.5413735495453814,-0.5116766829835506,-0.8543200033032695,-0.5310229176752926
-1.4140583033293632,-0.5479185907225461,-0.7095953782502495,-0.5230646681991842,-1.0042722237430703,-0.6423177151763698,0.06873065841613916,1.1933204599440908,-0.445935164540591
-1.4095477505276746,0.34298079743888377,0.5708620560726131,-0.6871969113767012,0.632572147722715,-0.13759688702142775,-0.555207233588527,-0.1838536569302401,-0.6161106708099943
-1.4050371977259861,2.718712499202697,0.1440429112983255,1.446522249931021,-0.480482024874019,0.21772657599965134,1.5922999295903248,0.33560675557498987,0.7452933793452318
-1.4005266449242975,0.04601433471840714,0.2425396370154688,1.118257763575987,-1.0042722237430703,1.1746772661814215,0.38795469618596895,-0.727475018854318,-0.8713739302140991
-1.396016092122609,-0.8448850534430228,-1.3990724582702525,0.21553042609964285,0.08695735723411985,-0.9592823952576734,-0.06186099339879083,-0.2291554370905798,-0.9564616833488008
-1.3915055393209204,-0.8448850534430228,-0.9525539683525365,-2.0002548567968383,-1.0042722237430703,-0.5979022822987349,-1.1211043914532248,-1.0023058184937128,-0.9564616833488008
-1.386994986519232,0.9369137228798371,-1.9572205706673977,0.4617287908659185,0.2179049069513826,-1.1066608770789166,0.025200107811162848,-0.24425603047735978,0.6602056262105301
-1.3824844337175433,0.34298079743888377,-0.8737565877788217,-0.030667938666632817,0.4143262315272769,-0.5433924328580012,0.7652194680957676,-0.3076785227018356,-0.5310229176752926
-1.3779738809158548,-1.1418515161634994,0.30820412082689763,0.3960758935949119,-0.6332541662108259,0.2782930753782444,1.563279562520341,-0.6096903904374343,-0.6161106708099943
-1.3734633281141662,-0.5479185907225461,-0.3156084753816764,-0.5230646681991842,-0.7860263075476324,-0.5413735495453814,-1.077573840848248,-0.49794599937526285,-0.7862861770793975
-1.3689527753124775,-0.2509521280020695,-0.28277623347596204,-2.3285193431518723,-1.7681329304271034,-0.9471690953819548,-1.4548386127580466,-1.0023058184937128,-0.9564616833488008
-1.364442222510789,-0.5479185907225461,-1.5632336677988246,-0.9498085004607288,-0.4150082500153878,-0.9996600615100689,-1.0630636573132555,-1.1170703282332406,-0.9564616833488008
-1.3599316697091004,0.9369137228798371,-1.2677434906473948,0.4617287908659185,-0.34953447515675623,-0.8341116298752478,-0.4536359488435813,0.8913085922084919,0.234766860537022
-1.355421116907412,-1.1418515161634994,-0.6767631363445351,-0.6051307897879427,-0.1312885589613182,-0.7674884805587955,-1.1356145749882167,-0.7093543067901821,-0.9564616833488008
-1.3509105641057233,0.34298079743888377,0.5051975722611842,2.9237124385286752,-0.32770988353721253,0.12485794361914213,2.3758498404799058,-0.739555493563742,0.31985461367172363
-1.3464000113040349,-0.5479185907225461,-0.3812729591931053,0.13346430451088429,-0.022165600863599175,-0.28901313546791035,-0.003820259258822053,0.6829204034709285,-0.5310229176752926
-1.3418894585023462,2.718712499202697,-0.512601926815963,-0.030667938666632817,2.7059083515793763,-0.3919761844115186,0.6056074492108526,-0.8875413087541854,1.0005566387493365
-1.3373789057006578,-0.5479185907225461,-0.7095953782502495,-0.35893242502166706,-0.4586574332544753,-0.8341116298752478,0.8813009363757051,-0.446603981860211,-0.6161106708099943
-1.332868352898969,3.31264542464365,0.47236533035546974,-0.19480018184414993,0.3052032734295579,-0.440429383914393,0.6781583668858139,-0.9630442756880851,0.8303811324799334
-1.3283578000972807,-0.8448850534430228,-0.4797696849102486,-0.35893242502166706,-1.1133951818407894,-0.5413735495453814,-0.8599210878233643,-0.9268028515598132,-0.7862861770793975
-1.323847247295592,-0.8448850534430228,-1.366240216364538,-1.4257920056755282,-0.698727941069457,-1.0743587440770002,-1.9336746694127902,-0.6459318145657063,-1.0415494364835023
-1.3193366944939036,0.04601433471840714,0.04554618558118224,0.6258610340434356,-1.5498870142316654,0.22580210925013053,-0.06186099339879083,-0.0872098592548484,0.06459135426761875
-1.314826141692215,0.9369137228798371,-1.3334079744588236,0.4617287908659185,1.17818693821131,-1.0662832108265212,2.0711359862450696,-0.6368714585336382,0.7452933793452318
-1.3103155888905262,0.04601433471840714,0.40670084654404093,-0.030667938666632817,-0.3931836583958437,0.7688817203448484,-1.2516960432681548,-0.5885495596959425,2.276872935769861
-1.3058050360888378,-0.5479185907225461,0.6693587817897563,0.7899932772209527,-1.2225181399385083,-0.9047725458169397,-1.1211043914532248,0.873187880144356,-1.0415494364835023
-1.3012944832871491,0.6399472601593604,0.7350232656011851,-0.030667938666632817,-0.2404115170590372,0.7507117705312703,0.21383249376606162,-0.6549921705977743,0.5751178730758285
-1.2967839304854607,-0.5479185907225461,-0.9722533134959649,-0.8513291545542183,-0.1312885589613182,-1.086472043952719,-0.1199017275387596,-1.032507005267273,-0.7862861770793975
-1.292273377683772,-0.8448850534430228,-1.661730393515968,-2.0002548567968383,-1.2225181399385083,-0.7836395470597536,-1.7450422834578914,-0.449624100537567,-0.9564616833488008
-1.2877628248820836,0.6399472601593604,-0.9394210715902506,-1.836122613619321,0.08695735723411985,-0.9047725458169397,-0.540697050053535,-0.34996018418481945,-0.8713739302140991
-1.283252272080395,-0.8448850534430228,0.01271394367546781,1.446522249931021,2.3785394772862194,0.6699564380264795,2.506441492294837,-0.44358386318285503,-0.19067190513648613
-1.2787417192787065,-0.8448850534430228,1.3588358618097593,-0.030667938666632817,0.6107475561031708,0.7365795873429318,0.9538518540506663,2.2654625904054666,-0.020496398867082873
-1.2742311664770178,-0.8448850534430228,0.9648489589411862,-1.0154613977317355,-0.26223610867858094,-0.01848277157686131,-0.9179618219633331,-0.8845211900768294,-0.9564616833488008
-1.2697206136753294,-1.1418515161634994,0.11121066939261108,1.9389189794635726,-0.2840607002981247,0.17533002643463633,-1.440328429223054,-0.6338513398562823,-1.0415494364835023
-1.2652100608736407,-0.8448850534430228,-1.3334079744588236,-0.030667938666632817,-1.2225181399385083,-1.147038543331312,-0.8454109042883718,-0.5704288476318067,-0.7862861770793975
-1.260699508071952,-0.5479185907225461,-1.202079006835966,-0.6051307897879427,-0.10946396734177447,-1.086472043952719,1.04091295526062,1.383587936617518,-0.5310229176752926
-1.2561889552702636,-0.8448850534430228,0.1440429112983255,-1.3437258840867696,-0.022165600863599175,-0.01646388826424166,-0.540697050053535,0.9939926272385956,-1.0415494364835023
-1.251678402468575,-0.8448850534430228,-0.8409243458731073,4.072638140771295,0.06513276561457612,-0.5635812659841989,-1.4548386127580466,-0.7999578671108617,-0.5310229176752926
-1.2471678496668865,0.04601433471840714,0.7350232656011851,-1.1795936409092527,-0.1312885589613182,-0.13759688702142775,-0.42461558177359693,-0.5583483729223827,0.31985461367172363
-1.2426572968651979,-0.2509521280020695,-1.2677434906473948,-1.1795936409092527,0.19608031533183887,-1.3691157077194864,0.2718732279060304,-0.41036255773193914,-0.7011984239446959
-1.2381467440635094,-1.1418515161634994,-0.8737565877788217,1.0361916419872284,-0.4586574332544753,-1.1874162095837073,0.7216889174907902,-0.6791531200166222,-0.7862861770793975
-1.2336361912618208,-0.2509521280020695,1.6214937970554746,-0.030667938666632817,0.4143262315272769,-0.18806896983692195,0.12677139255610795,-0.8241188165297095,-0.7862861770793975
-1.2291256384601323,1.2338801856003137,1.096177926564044,-0.8513291545542183,-0.34953447515675623,3.445920992878661,0.22834267730105406,0.21480200848075057,1.0856443918840382
-1.2246150856584437,-0.8448850534430228,-1.0707500392131082,0.2975965476884014,0.5234491896249959,-1.1773217930206084,-0.17794246167872887,-0.8452596472712015,-0.8713739302140991
-1.2201045328567552,0.04601433471840714,-1.4975691839873957,-0.8513291545542183,-0.26223610867858094,-1.07637762738962,0.22834267730105406,-0.24425603047735978,-0.7011984239446959
-1.2155939800550666,0.9369137228798371,1.260339136092616,-1.5078581272642868,0.3052032734295579,0.2157076926870317,-0.2795137464236745,0.3507073489617698,0.4900301199411269
-1.2110834272533781,0.04601433471840714,0.800687749412614,1.6106544931085383,-0.19676233381994976,0.7062963376536353,-0.17794246167872887,0.2027215337713266,2.3619606889045626
-1.2065728744516895,0.34298079743888377,0.07837842748689666,0.13346430451088429,-0.06581478410268662,-0.3112208519067279,0.22834267730105406,-0.7606963243052337,0.40494236680642526
-1.2020623216500008,0.34298079743888377,-1.4319047001759668,-2.0002548567968383,-0.4150082500153878,-0.9653390451955327,0.18481212669607774,0.5500351816672653,-0.7011984239446959
-1.1975517688483124,0.04601433471840714,-0.8080921039673928,-1.0154613977317355,-0.6769033494499133,-0.9229424956305176,-0.6132479677284962,-0.0872098592548484,-0.9564616833488008
-1.1930412160466237,0.04601433471840714,-0.742427620155964,0.2975965476884014,-1.5498870142316654,-1.0359999611372246,-1.3387571444781086,-0.7516359682731659,-1.0415494364835023
-1.1885306632449353,-1.1418515161634994,1.3260036199040448,0.2975965476884014,2.9241542677748145,-0.5413735495453814,3.0142979160195655,0.867147642789644,-0.7011984239446959
-1.1840201104432466,0.6399472601593604,-0.34844071728739084,-0.6871969113767012,1.069063980113591,-0.12952135377094856,0.25736304437103896,-0.6398915772109943,-0.7862861770793975
-1.1795095576415582,-0.5479185907225461,-0.4797696849102486,0.13346430451088429,0.08695735723411985,-0.5413735495453814,0.1703019431610853,-0.20499448767173187,-0.8713739302140991
-1.1749990048398695,0.34298079743888377,0.34103636273261206,0.6258610340434356,-0.2404115170590372,0.7567684204691295,-0.8163905372183875,-0.8633803593353374,3.0426627139821756
-1.170488452038181,-1.1418515161634994,-0.28277623347596204,0.2975965476884014,0.08695735723411985,-0.6826953814287652,0.12677139255610795,-0.5855294410185864,-0.8713739302140991
-1.1659778992364924,-0.8448850534430228,-1.1035822811188227,-3.477445045394492,1.3964328544067481,-0.5514679661084803,3.2754812196494254,0.07285643064501898,-0.6161106708099943
-1.161467346434804,-0.2509521280020695,-0.05295054013596104,-0.19480018184414993,0.08695735723411985,-0.18806896983692195,1.5197490119153636,-0.06002879115864447,-0.27575965827118776
-1.1569567936331153,-0.8448850534430228,-0.11861502394738989,-1.1795936409092527,0.741695105820434,-0.6019400489239745,0.12677139255610795,-0.6368714585336382,-0.8713739302140991
-1.1524462408314269,-0.8448850534430228,-0.1514472658531043,1.2823900067535041,-0.5677803913521943,-0.08712480420593355,0.3008935949760153,-0.20801460634908786,0.5751178730758285
-1.1479356880297382,-1.1418515161634994,-0.5454341687216774,0.9541255203984699,0.06513276561457612,0.12283906030652246,-0.6567785183334731,0.8127855065972361,2.4470484420392644
-1.1434251352280496,0.04601433471840714,1.6871582808669034,-0.19480018184414993,-1.6590099723293845,0.1450467767453398,-0.3955952147036126,-0.3348595907980395,-0.020496398867082873
-1.1389145824263611,1.5308466483207903,0.01271394367546781,-1.3437258840867696,0.10878194885366357,-0.4384105006017732,0.12677139255610795,1.9392897732510204,-0.020496398867082873
-1.1344040296246725,-0.2509521280020695,1.5886615551497603,-0.6871969113767012,0.850818063918153,0.7204285208419737,0.3008935949760153,-0.34996018418481945,-0.27575965827118776
-1.129893476822984,1.2338801856003137,-1.2349112487416802,0.13346430451088429,0.19608031533183887,-0.29305090209315,0.8522805693057202,-0.04492819777186451,0.4900301199411269
-1.1253829240212954,-0.5479185907225461,-0.8409243458731073,-0.35893242502166706,-1.7681329304271034,-1.0561887942634223,-1.6434709987129452,0.5288943509257733,-0.6161106708099943
-1.120872371219607,-0.5479185907225461,0.11121066939261108,-1.0154613977317355,-1.0042722237430703,-0.13759688702142775,0.19932231023106917,-1.1593519897162243,-0.19067190513648613
-1.1163618184179183,-1.1418515161634994,-0.7095953782502495,-0.19480018184414993,-0.34953447515675623,-1.0460943777003235,-0.23598319581869767,0.37788841705797377,-1.0415494364835023
-1.1118512656162298,-1.1418515161634994,-0.9394210715902506,-1.0154613977317355,-0.4586574332544753,-0.6221288820501721,-0.540697050053535,0.18158070302983467,-0.9564616833488008
-1.1073407128145412,-1.1418515161634994,0.2425396370154688,0.6258610340434356,0.15243113209275141,0.36510505782089464,-0.17794246167872887,0.6980209968577085,-0.3608474114058894
-1.1028301600128527,0.34298079743888377,-0.5454341687216774,-0.030667938666632817,-0.022165600863599175,1.7298701771518579,0.649137999815829,-0.9449235636239492,-0.445935164540591
-1.098319607211164,-0.2509521280020695,0.20970739510975436,0.4617287908659185,-0.19676233381994976,-0.010407238326382412,-1.6434709987129452,-0.6157306277921464,1.8514341700963528
-1.0938090544094754,0.34298079743888377,-0.512601926815963,0.7899932772209527,0.08695735723411985,-0.04876602126615784,1.0264027717256274,-0.5613684915997387,0.40494236680642526
-1.089298501607787,-0.5479185907225461,-0.44693744300453414,-1.671990370441804,-0.34953447515675623,-0.9148669623800385,0.010689924276170397,-0.46472469392434695,-0.9564616833488008
-1.0847879488060983,1.8278131110412668,-0.44693744300453414,-0.5230646681991842,0.17425572371229514,0.15514119330843865,-0.003820259258822053,-0.6036501530827224,0.7452933793452318
-1.0802773960044099,0.04601433471840714,1.0633456846583293,-0.8513291545542183,0.19608031533183887,1.3159990980648053,0.05422047488114672,-0.7093543067901821,-0.8713739302140991
-1.0757668432027212,-1.1418515161634994,-0.6439308944388207,0.21553042609964285,-0.6769033494499133,-0.40207060097461744,-0.5029705728625554,0.302385450124074,-1.0415494364835023
-1.0712562904010328,1.5308466483207903,-2.12138178019597,0.6258610340434356,0.850818063918153,-0.8381493965004874,0.05422047488114672,-1.1351910402973764,0.6602056262105301
-1.066745737599344,-0.5479185907225461,-0.512601926815963,-0.6871969113767012,0.632572147722715,-0.34957963484650345,-0.2795137464236745,2.8030437149748324,0.06459135426761875
-1.0622351847976557,0.34298079743888377,0.8335199913183284,0.4617287908659185,1.2000115298308542,0.6760130879643388,0.18481212669607774,-0.7667365616599457,2.702311701443369
-1.057724631995967,-0.5479185907225461,-1.0379177973073939,-0.19480018184414993,-1.3316410980362274,-0.8684326461897839,-0.7438396195434263,-1.1684123457482922,-0.9564616833488008
-1.0532140791942786,-0.8448850534430228,0.47236533035546974,0.13346430451088429,2.2694165191885003,0.5084457730168981,0.7216889174907902,-0.22009508105851183,-0.7862861770793975
-1.04870352639259,0.04601433471840714,-0.2499439915702476,-0.6051307897879427,-0.5023066164935627,0.2157076926870317,-1.5273895304330078,-0.12043116470576429,0.31985461367172363
-1.0441929735909015,1.5308466483207903,1.1290101684697582,1.118257763575987,-0.1312885589613182,0.013819361425054865,0.2718732279060304,2.1657986740527195,0.7452933793452318
-1.0396824207892128,-0.8448850534430228,1.030513442752615,0.7899932772209527,1.3964328544067481,3.344976827247673,1.1860147906105425,0.6496990980200129,-0.8713739302140991
-1.0351718679875241,1.2338801856003137,2.17964190945262,0.4617287908659185,0.15243113209275141,0.048140377739590984,2.245258188664976,-1.011366174525781,0.8303811324799334
-1.0306613151858357,0.9369137228798371,0.9976812008469006,1.2823900067535041,1.6146787706021861,0.9566378684184867,2.5499720428998134,-0.4073424390545831,0.234766860537022
-1.026150762384147,-0.5479185907225461,-0.742427620155964,-1.671990370441804,-1.5498870142316654,-0.6019400489239745,-1.1356145749882167,0.4986931641522134,-1.0415494364835023
-1.0216402095824586,-0.8448850534430228,-0.4141052010988197,-1.3437258840867696,-0.8951492656453514,-0.18806896983692195,-1.0485534737782636,1.090636424913987,-0.8713739302140991
-1.01712965678077,-0.5479185907225461,-1.1035822811188227,0.13346430451088429,-1.1133951818407894,-1.015811128011027,-0.4971664994485582,-0.7335152562090299,-0.9564616833488008
-1.0126191039790815,3.906578350084603,1.3588358618097593,-0.030667938666632817,1.287309896309029,-0.40005171766199765,1.2295453412155188,1.0423145260762912,1.1707321450187398
-1.0081085511773928,0.04601433471840714,0.9648489589411862,1.446522249931021,0.959941022015872,0.6457298382750423,-0.3955952147036126,-0.5372075421808907,0.234766860537022
-1.0035979983757044,0.9369137228798371,-0.6439308944388207,0.13346430451088429,1.17818693821131,-0.4909014667298872,0.6926685504208063,-0.8090182231429296,1.0005566387493365
-0.9990874455740157,-1.1418515161634994,-0.2499439915702476,0.6258610340434356,0.5234491896249959,1.3260935146279043,1.7083813978702636,-0.9207626142051013,-0.5310229176752926
-0.9945768927723272,-0.5479185907225461,-0.7095953782502495,-0.6871969113767012,-0.6769033494499133,-0.6201099987375523,-0.3955952147036126,-0.3137187600565476,-1.0415494364835023
-0.9900663399706386,-1.1418515161634994,0.30820412082689763,1.2823900067535041,0.23972949857092632,-0.0265583048273405,-0.1199017275387596,0.8188257439519482,-0.1055841520017845
-0.9855557871689501,0.6399472601593604,-0.5782664106273918,0.13346430451088429,-1.2225181399385083,0.023913777988153705,-0.3665748476336282,0.7554032517274724,0.6602056262105301
-0.9810452343672615,-0.2509521280020695,0.8663522332240429,-0.5230646681991842,-0.4586574332544753,0.6336165383993237,0.010689924276170397,-0.6519720519204183,-0.9564616833488008
-0.976534681565573,0.04601433471840714,-0.05295054013596104,-0.35893242502166706,-0.698727941069457,0.060253677615309476,-0.4101053982386045,0.7161417089218445,0.06459135426761875
-0.9720241287638844,0.04601433471840714,-0.3812729591931053,-0.5230646681991842,-1.0042722237430703,-0.15576683683500578,-0.07637117693378327,-0.0026465362888808035,-0.3608474114058894
-0.9675135759621959,-0.2509521280020695,-0.34844071728739084,1.446522249931021,-1.8772558885248225,-0.7634507139335559,-0.5842276006585119,0.06983631196766299,-0.3608474114058894
-0.9630030231605073,0.6399472601593604,-0.6439308944388207,0.7899932772209527,-0.3058852919176688,-0.06087932114187662,-0.23598319581869767,-0.8815010713994734,0.234766860537022
-0.9584924703588188,0.6399472601593604,0.40670084654404093,-0.19480018184414993,-0.6769033494499133,-0.23854105265241618,0.4314852467909453,0.21178188980339457,-0.3608474114058894
-0.9539819175571301,-0.5479185907225461,-1.136414523024537,-0.09632083593763943,-0.6769033494499133,-0.7816206637471338,-0.5116766829835506,0.9094293042726279,-0.7011984239446959
-0.9494713647554416,-0.8448850534430228,-1.3990724582702525,-1.0154613977317355,1.3964328544067481,-1.0662832108265212,1.6068101131253174,0.622518029923809,-0.8713739302140991
-0.944960811953753,-0.5479185907225461,-1.5304014258931102,-0.6871969113767012,-0.5677803913521943,-0.9956222948848292,-0.3955952147036126,-0.3076785227018356,-0.020496398867082873
-0.9404502591520645,1.2338801856003137,1.88415173230119,-0.030667938666632817,1.3964328544067481,-0.23854105265241618,0.0397102913461553,0.7463428956954044,0.234766860537022
-0.9359397063503759,0.6399472601593604,-1.202079006835966,0.4617287908659185,-0.4586574332544753,-0.7594129473083163,-0.17794246167872887,-0.2714370985735637,0.7452933793452318
-0.9314291535486874,-1.1418515161634994,0.2425396370154688,3.0878446817061924,1.832924686797624,-0.23854105265241618,5.031213427383486,-0.461704575246991,-0.6161106708099943
-0.9269186007469988,0.34298079743888377,0.7021910236954707,0.4617287908659185,0.8289934722986089,-0.12144582052046966,1.824462866150201,-0.8512998846259134,1.1707321450187398
-0.9224080479453103,0.34298079743888377,0.2753718789211832,0.7899932772209527,0.3706770482881894,-0.6120344654870733,0.9683620375856588,1.4621110222287736,0.31985461367172363
-0.9178974951436217,0.6399472601593604,-1.136414523024537,0.6258610340434356,-0.4586574332544753,-0.7412429974947384,-1.3387571444781086,-1.1714324644256482,-0.1055841520017845
-0.9133869423419332,-1.1418515161634994,-0.08578278204167547,-0.6871969113767012,-1.2225181399385083,-0.6221288820501721,0.35893432911598405,0.7644636077595403,-0.8713739302140991
-0.9088763895402446,-0.8448850534430228,-0.6701966879633922,0.13346430451088429,-1.0042722237430703,-1.3186436249039921,-0.6857988854034575,-0.5221069487941108,-1.0415494364835023
-0.9043658367385561,0.34298079743888377,-1.596065909704539,-1.0154613977317355,-0.3713590667763,-1.1006042271410572,-0.8163905372183875,-0.6157306277921464,-0.5310229176752926
-0.8998552839368675,0.04601433471840714,0.6365265398840418,0.13346430451088429,0.06513276561457612,-0.08712480420593355,-0.7003090689384494,-0.6882134760486901,0.5751178730758285
-0.8953447311351789,0.9369137228798371,2.3766353608869064,-0.35893242502166706,-0.1312885589613182,0.7466740039060307,0.5040361644659065,0.8248659813066601,0.6602056262105301
-0.8908341783334903,1.2338801856003137,1.949816216112619,-0.35893242502166706,0.741695105820434,3.445920992878661,-0.3375544805636433,0.4322505532503816,2.276872935769861
-0.8863236255318018,-0.8448850534430228,0.20970739510975436,2.10305122264109,1.287309896309029,-0.9653390451955327,-0.06186099339879083,2.5644543394637096,-0.020496398867082873
-0.8818130727301132,1.2338801856003137,-0.4141052010988197,0.2975965476884014,1.069063980113591,-0.40005171766199765,-0.6567785183334731,0.5077535201842813,-0.19067190513648613
-0.8773025199284247,0.34298079743888377,0.5708620560726131,0.6258610340434356,0.632572147722715,0.06429144424054907,-0.1199017275387596,-0.3348595907980395,-0.7011984239446959
-0.8727919671267361,-0.2509521280020695,-0.34844071728739084,-0.8513291545542183,-0.6769033494499133,-0.7917150803102326,-1.4258182456880617,-0.9962655811390011,-1.0415494364835023
-0.8682814143250476,1.5308466483207903,0.04554618558118224,-0.19480018184414993,1.6146787706021861,-0.6019400489239745,0.09775102548612408,-0.29559804799241163,0.5751178730758285
-0.863770861523359,0.9369137228798371,1.2275068941869016,-0.5230646681991842,0.4143262315272769,0.14706566005795946,-0.29402392995866694,-0.2684169798962077,0.234766860537022
-0.8592603087216705,2.1247795737617436,0.43953308844975536,0.7899932772209527,1.0254147968745035,-0.01646388826424166,2.8837062642046343,0.32050616218820993,0.5751178730758285
-0.8547497559199819,1.2338801856003137,-1.202079006835966,-1.4257920056755282,-1.0042722237430703,-1.031962194511985,-1.1646349420582016,-1.014386293203137,0.7452933793452318
-0.8502392031182934,0.34298079743888377,1.194674652281187,0.9541255203984699,1.287309896309029,0.5690122723954911,1.011892588190635,-0.2321755557679358,-0.3608474114058894
-0.8457286503166048,-0.8448850534430228,-0.5454341687216774,-1.1795936409092527,-0.5677803913521943,-0.9431313287567152,-1.1791451255931935,-0.8603602406579814,-1.0415494364835023
-0.8412180975149162,-0.2509521280020695,-0.4797696849102486,-0.8513291545542183,-1.7681329304271034,-1.0662832108265212,-1.3822876950830854,0.622518029923809,-0.8713739302140991
-0.8367075447132276,0.04601433471840714,-0.4141052010988197,-0.6871969113767012,1.6146787706021861,-0.5514679661084803,0.3444241455809916,1.3080849696836183,-0.6161106708099943
-0.8321969919115391,0.04601433471840714,0.8663522332240429,-1.0154613977317355,-0.2404115170590372,1.659209261210166,-0.22147301228370572,-0.9721046317201532,-0.3608474114058894
-0.8276864391098505,-1.1418515161634994,-0.28277623347596204,0.6258610340434356,-1.4407640561339465,-0.9572635119450537,-0.20696282874871327,1.2144612906855827,-1.0415494364835023
-0.823175886308162,-0.8448850534430228,0.5380298141668987,0.7899932772209527,1.1127131633526786,0.21772657599965134,1.1134638729355812,-0.712374425467538,-0.445935164540591
-0.8186653335064734,-1.1418515161634994,-0.44693744300453414,-0.35893242502166706,-1.0042722237430703,-1.0299433111993654,-0.7438396195434263,0.9517109657556118,-0.1055841520017845
-0.8141547807047849,-0.5479185907225461,-0.742427620155964,-0.19480018184414993,-1.4407640561339465,-1.1066608770789166,-1.7450422834578914,-0.715394544144894,-0.5310229176752926
-0.8096442279030963,0.6399472601593604,-0.6110986525331062,-0.030667938666632817,0.3052032734295579,0.3671239411335143,0.7652194680957676,-0.446603981860211,1.8514341700963528
-0.8051336751014078,0.34298079743888377,-0.34844071728739084,-0.030667938666632817,-0.1312885589613182,-0.5938645156734954,-1.2371858597331629,-0.19593413163966408,-0.5310229176752926
-0.8006231222997192,1.2338801856003137,2.442299844698335,0.2975965476884014,-0.022165600863599175,1.27562143181241,0.7361991010257827,0.40204936647682166,2.021609676365756
-0.7961125694980307,0.34298079743888377,1.3260036199040448,2.595447952173641,1.1563623465917658,0.4902758232033201,0.7652194680957676,-0.9690845130427972,1.596170910692248
-0.7916020166963421,-0.8448850534430228,-0.8409243458731073,-0.6871969113767012,-0.2404115170590372,-0.6726009648656663,0.11226120902111653,-0.5523081355676707,-1.0415494364835023
-0.7870914638946536,0.9369137228798371,2.0483129418297623,0.9541255203984699,0.4143262315272769,2.3274596376873093,0.44599543032593775,-0.35298030286217547,0.6602056262105301
-0.7825809110929649,-0.5479185907225461,-1.3334079744588236,-1.0154613977317355,-0.7860263075476324,-1.0178300113236467,-0.6857988854034575,-0.5492880168903147,-0.7011984239446959
-0.7780703582912764,-1.1418515161634994,0.8335199913183284,1.0361916419872284,2.7059083515793763,0.7527306538438899,1.5052388283803713,-0.2925779293150556,-0.7862861770793975
-0.7735598054895878,0.9369137228798371,1.88415173230119,1.856852857874814,0.19608031533183887,1.3725278308181592,0.25736304437103896,-0.9298229702371693,2.276872935769861
-0.7690492526878993,-1.1418515161634994,0.6036942979783274,-0.6051307897879427,-0.34953447515675623,-0.23854105265241618,1.4762184613103873,-0.12345128338312028,-0.7862861770793975
-0.7645386998862107,1.5308466483207903,-0.3156084753816764,0.7899932772209527,0.3052032734295579,0.2157076926870317,0.25736304437103896,-0.6398915772109943,0.234766860537022
-0.7600281470845222,2.42174603648222,0.9648489589411862,-0.19480018184414993,1.17818693821131,1.1847716827445205,1.3601369930304488,0.8158056252745921,0.40494236680642526
-0.7555175942828336,0.34298079743888377,-0.4141052010988197,-0.8513291545542183,1.287309896309029,-0.24863546921551502,0.48952598093091404,0.12721856683742683,-0.7011984239446959
-0.751007041481145,0.6399472601593604,0.11121066939261108,-0.35893242502166706,0.08695735723411985,-0.3394852182834046,-0.35206466409863574,-0.023787367030372573,-0.1055841520017845
-0.7464964886794565,0.34298079743888377,-1.202079006835966,0.13346430451088429,-0.7860263075476324,-1.031962194511985,-0.4971664994485582,2.2715028277601785,-0.1055841520017845
-0.741985935877768,0.34298079743888377,-0.3156084753816764,-0.5230646681991842,0.19608031533183887,-0.1981633864000208,0.7797296516307589,-0.6368714585336382,0.6602056262105301
-0.7374753830760794,-1.1418515161634994,1.8184872484897612,-1.0154613977317355,-0.022165600863599175,3.274315911305981,0.31540377851100776,1.8124447888020687,-1.0415494364835023
-0.7329648302743909,-0.5479185907225461,1.194674652281187,1.446522249931021,0.34885245666864534,0.8173349198477226,-0.1199017275387596,1.0060731019480196,2.787399454578071
-0.7284542774727022,0.9369137228798371,-0.08578278204167547,-0.2604530791151565,0.15243113209275141,-0.22642775277669766,-1.0485534737782636,-0.7939176297561497,0.31985461367172363
-0.7239437246710136,0.9369137228798371,0.6693587817897563,-1.0154613977317355,0.4143262315272769,0.3671239411335143,-0.5261868665185425,0.6496990980200129,2.3619606889045626
-0.7194331718693251,-0.8448850534430228,-0.7095953782502495,-0.5230646681991842,-1.5498870142316654,-0.9855278783217304,-1.2807164103381392,0.5862766057955372,-0.6161106708099943
-0.7149226190676365,-0.8448850534430228,-1.136414523024537,0.4617287908659185,-0.2404115170590372,-1.2277938758361027,0.31540377851100776,-1.1200904469105963,-0.9564616833488008
-0.710412066265948,-1.1418515161634994,-0.6767631363445351,0.2975965476884014,-0.0003410092440554495,-0.8280549799373885,0.47501579739592265,-0.8271389352070656,-0.6161106708099943
-0.7059015134642594,-0.2509521280020695,1.3260036199040448,-1.671990370441804,0.959941022015872,1.257451481998832,0.6926685504208063,0.5439949443125532,-0.7862861770793975
-0.7013909606625709,0.04601433471840714,2.4751320866040496,-0.19480018184414993,1.069063980113591,5.959430717090273,0.6201176327458451,5.608733966238547,-0.19067190513648613
-0.6968804078608823,-1.1418515161634994,-0.1514472658531043,0.6258610340434356,0.19608031533183887,-1.015811128011027,1.8534832332201858,-1.1563318710388684,-0.7862861770793975
-0.6923698550591938,0.04601433471840714,0.6693587817897563,1.118257763575987,0.8071688806790656,0.5044080063916585,1.6793610308002787,0.5228541135710614,-0.9564616833488008
-0.6878593022575052,0.6399472601593604,0.40670084654404093,0.6258610340434356,0.850818063918153,2.184118922491306,1.9985850685701083,-0.7063341881128261,1.0856443918840382
-0.6833487494558167,-0.8448850534430228,-1.3990724582702525,0.6258610340434356,-0.4586574332544753,-1.1773217930206084,-1.0195331067082791,0.33560675557498987,-0.9564616833488008
-0.6788381966541281,0.04601433471840714,0.01271394367546781,-0.35893242502166706,0.23972949857092632,0.22580210925013053,0.3734445126509765,-0.2351956744452918,-0.3608474114058894
-0.6743276438524396,-0.2509521280020695,-1.5632336677988246,-0.35893242502166706,-0.1312885589613182,-1.0965664605158176,-0.3955952147036126,-0.5402276608582467,-0.8713739302140991
-0.6698170910507509,0.04601433471840714,1.6214937970554746,-0.030667938666632817,0.04330817399503239,3.0683898134187646,1.6213202966603097,0.021514413129967127,-0.6161106708099943
-0.6653065382490624,0.9369137228798371,1.949816216112619,0.9541255203984699,-0.8951492656453514,0.387312774259712,0.5040361644659065,0.3446671116070579,1.5110831575575463
-0.6607959854473738,-1.1418515161634994,1.88415173230119,1.446522249931021,-0.2404115170590372,3.0683898134187646,1.693871214335271,0.646678979342657,-0.8713739302140991
-0.6562854326456853,1.5308466483207903,1.3916681037154737,0.9541255203984699,-0.8951492656453514,1.869173125722622,-0.23598319581869767,1.0845961875592751,-0.1055841520017845
-0.6517748798439967,-1.1418515161634994,-0.5782664106273918,0.2975965476884014,-0.9169738572648951,-1.0097544780731678,-2.035245954157736,0.3325866368976339,-0.5310229176752926
-0.6472643270423082,-0.8448850534430228,-1.0050855554016793,-0.6871969113767012,-0.5677803913521943,-1.0299433111993654,-0.4681461323785738,-0.8452596472712015,-1.0415494364835023
-0.6427537742406196,0.04601433471840714,-1.0050855554016793,-0.19480018184414993,0.3052032734295579,-0.6625065483025675,0.09775102548612408,-0.07814950322278041,-0.9564616833488008
-0.6382432214389311,-0.2509521280020695,0.5708620560726131,-1.5078581272642868,0.3706770482881894,0.5124835396421377,-0.9905127396382943,-0.21103472502644385,-0.9564616833488008
-0.6337326686372425,0.6399472601593604,-0.08578278204167547,-1.836122613619321,-0.7860263075476324,0.22580210925013053,-0.7728599866134106,2.555393983431642,-0.020496398867082873
-0.629222115835554,-0.5479185907225461,0.800687749412614,0.2975965476884014,0.632572147722715,0.4075016073859097,0.8377703857707288,-0.43150338847343106,-0.3608474114058894
-0.6247115630338654,1.5308466483207903,2.0483129418297623,1.0361916419872284,-1.5498870142316654,2.276987554871815,-0.35206466409863574,2.238281522309263,1.340907651288143
-0.6202010102321769,1.8278131110412668,0.01271394367546781,-0.35893242502166706,0.10878194885366357,0.9970155346708821,-0.17794246167872887,-0.6459318145657063,0.6602056262105301
-0.6156904574304882,-1.1418515161634994,1.424500345621188,1.446522249931021,0.4143262315272769,5.313388057051947,2.8837062642046343,-0.13553175809254425,-0.8713739302140991
-0.6111799046287997,1.5308466483207903,0.07837842748689666,-0.19480018184414993,0.4143262315272769,2.5071402525104687,0.4314852467909453,-0.5734489663091626,0.06459135426761875
-0.6066693518271111,-0.8448850534430228,-0.34844071728739084,1.118257763575987,-1.1133951818407894,-0.20825780296311963,-0.3375544805636433,-0.9932454624616451,-0.8713739302140991
-0.6021587990254226,1.5308466483207903,-0.512601926815963,-1.671990370441804,-0.4586574332544753,0.4498981569509247,-0.17794246167872887,-0.27747733592827567,0.7452933793452318
-0.597648246223734,-0.5479185907225461,0.2425396370154688,0.9541255203984699,-0.043990192483142905,0.8193538031603426,-0.6422683347984807,-0.5674087289544506,-0.5310229176752926
-0.5931376934220455,-0.5479185907225461,-1.0379177973073939,0.6258610340434356,-1.6590099723293845,-0.9956222948848292,-1.1646349420582016,-0.6731128826619102,-0.7862861770793975
-0.5886271406203569,-1.1418515161634994,-1.1692467649302516,-0.35893242502166706,0.3052032734295579,-0.9613012785702931,0.48952598093091404,-0.7063341881128261,-0.7011984239446959
-0.5841165878186684,2.42174603648222,-0.9722533134959649,-0.8513291545542183,-2.4228706790134176,1.0535442674242355,-0.7003090689384494,1.3715074619080942,0.915468885614635
-0.5796060350169798,-0.8448850534430228,-0.28277623347596204,-0.6871969113767012,0.632572147722715,0.1410090101201002,0.1703019431610853,0.21480200848075057,-1.0415494364835023
-0.5750954822152913,-0.2509521280020695,-0.34844071728739084,-1.3437258840867696,1.069063980113591,0.1410090101201002,-0.3375544805636433,0.25708366996373444,-0.27575965827118776
-0.5705849294136027,-0.5479185907225461,-0.2499439915702476,-0.35893242502166706,-0.7860263075476324,0.5245968395178562,-0.540697050053535,-1.1472715150068002,-0.7011984239446959
-0.5660743766119142,-0.8448850534430228,2.343803118981192,-1.836122613619321,-1.4407640561339465,2.2345910053068,-0.946982189033318,0.5530553003446212,-0.7862861770793975
-0.5615638238102256,2.1247795737617436,1.096177926564044,0.2975965476884014,-0.1312885589613182,-0.03665272139043934,0.12677139255610795,2.6610981371391014,1.5110831575575463
-0.557053271008537,-0.2509521280020695,2.2781386351697632,-0.35893242502166706,-1.5498870142316654,-0.23854105265241618,-0.22147301228370572,-0.5221069487941108,0.06459135426761875
-0.5525427182068484,-0.2509521280020695,0.6365265398840418,-0.35893242502166706,0.021483582375488277,0.5145024229547573,-0.35206466409863574,0.873187880144356,-0.5310229176752926
-0.5480321654051599,0.04601433471840714,-0.8737565877788217,-0.19480018184414993,0.3052032734295579,-0.779601780434514,-0.047350809863798374,0.42319019721831364,-0.7862861770793975
-0.5435216126034713,-0.2509521280020695,0.6693587817897563,0.6258610340434356,-1.5498870142316654,0.39538830751019116,-0.003820259258822053,-0.8210986978523536,2.532136195173966
-0.5390110598017828,0.04601433471840714,0.04554618558118224,-0.8513291545542183,0.5452737812445401,0.5367101393935749,-0.06186099339879083,-0.7425756122410979,0.14967910740232038
-0.5345005070000942,0.34298079743888377,-0.8409243458731073,0.13346430451088429,-1.2225181399385083,-0.8744892961276431,0.1703019431610853,1.585935888000369,0.8303811324799334
-0.5299899541984057,-1.1418515161634994,0.5380298141668987,0.1006378558753804,0.15243113209275141,1.3119613314395662,0.5620768986058753,1.3926482926495862,-0.7011984239446959
-0.5254794013967171,-0.5479185907225461,0.20970739510975436,-0.6871969113767012,1.3964328544067481,0.3792372410092328,1.0989536894005887,1.9000282304453922,-0.7862861770793975
-0.5209688485950286,-1.1418515161634994,-0.6439308944388207,-1.671990370441804,-0.3931836583958437,-0.4283160840386744,-1.0630636573132555,-1.1895531764897842,-1.0415494364835023
-0.51645829579334,-0.5479185907225461,0.800687749412614,0.4617287908659185,0.45797541476636433,1.2271682323095354,-0.7148192524734418,-0.7002939507581141,-0.445935164540591
-0.5119477429916515,1.8278131110412668,-0.6767631363445351,1.118257763575987,0.850818063918153,-0.33342856834554535,1.9115239673601547,2.0057323841528514,0.40494236680642526
-0.5074371901899629,-0.5479185907225461,-0.44693744300453414,-0.8513291545542183,0.3052032734295579,-0.9855278783217304,-1.0485534737782636,-1.0385472426219848,-1.0415494364835023
-0.5029266373882743,-0.2509521280020695,0.01271394367546781,0.4617287908659185,-0.6769033494499133,-0.45456156710273143,-1.3677775115480928,-0.6580122892751302,0.5751178730758285
-0.49841608458658576,-0.8448850534430228,-1.661730393515968,0.4617287908659185,2.2694165191885003,-1.0965664605158176,0.11226120902111653,-0.15063235147932422,-1.0415494364835023
-0.4939055317848972,2.718712499202697,-0.512601926815963,-0.19480018184414993,0.021483582375488277,-0.12548358714570926,0.25736304437103896,-0.6670726453071982,1.596170910692248
-0.4893949789832086,-0.5479185907225461,-0.7095953782502495,-0.19480018184414993,2.487662435383938,-0.9754334617586315,1.17150460707555,0.619497911246453,-0.7011984239446959
-0.48488442618152006,0.9369137228798371,-0.512601926815963,-1.0154613977317355,-0.5677803913521943,-0.3939950677241384,-0.8599210878233643,-0.5311673048261788,-0.3608474114058894
-0.4803738733798315,-1.1418515161634994,-0.5782664106273918,-0.6871969113767012,-0.6769033494499133,-0.37986288453579997,-0.671288701868465,-0.053988553803932485,-0.8713739302140991
-0.47586332057814296,0.34298079743888377,-0.2499439915702476,0.13346430451088429,-0.1312885589613182,-0.3738062345979407,-1.0920840243832404,0.8218458626293041,2.021609676365756
-0.4713527677764544,-0.5479185907225461,-0.44693744300453414,-0.8513291545542183,-2.0955018047202607,1.2554325986862123,-1.034043290243271,1.2356021214270745,-0.9564616833488008
-0.46684221497476586,-1.1418515161634994,0.800687749412614,-0.19480018184414993,0.8071688806790656,1.1322807166164066,0.7942398351657514,-0.4164027950866511,-0.445935164540591
-0.46233166217307725,1.8278131110412668,0.2425396370154688,0.2975965476884014,-0.1312885589613182,-0.3192963851572069,0.5040361644659065,-0.5794892036638745,0.4900301199411269
-0.4578211093713887,0.9369137228798371,0.3738686046383265,1.2823900067535041,-1.5498870142316654,0.013819361425054865,-0.003820259258822053,-0.6338513398562823,0.31985461367172363
-0.45331055656970015,0.9369137228798371,1.2931713779983305,1.118257763575987,-0.21858692543949348,0.7042774543410156,-0.29402392995866694,-0.9268028515598132,1.1707321450187398
-0.4488000037680116,-0.5479185907225461,-0.44693744300453414,0.6258610340434356,-0.1312885589613182,-0.3738062345979407,-0.787370170148403,-0.6429116958883503,1.596170910692248
-0.44428945096632305,0.9369137228798371,0.47236533035546974,0.13346430451088429,-0.34953447515675623,-0.18806896983692195,-0.9324720054983255,0.5288943509257733,1.5110831575575463
-0.4397788981646345,0.34298079743888377,1.096177926564044,0.9541255203984699,1.6146787706021861,3.9506418210336034,0.91032130344569,0.44433102795980556,0.06459135426761875
-0.43526834536294595,-0.8448850534430228,-0.08578278204167547,1.118257763575987,1.069063980113591,0.6699564380264795,1.9115239673601547,1.0151334579800875,-0.3608474114058894
-0.43075779256125735,0.04601433471840714,-0.8409243458731073,-1.3437258840867696,-1.3316410980362274,-1.0561887942634223,-1.6870015493179222,-0.39828208302251517,-0.6161106708099943
-0.4262472397595688,0.34298079743888377,-0.44693744300453414,-0.030667938666632817,1.505555812504467,-0.7937339636228524,0.5330565315358914,-0.6308312211789263,-0.020496398867082873
-0.42173668695788025,-1.1418515161634994,-1.4319047001759668,1.2823900067535041,-0.022165600863599175,-1.147038543331312,0.649137999815829,-0.11439092735105232,-1.0415494364835023
-0.4172261341561917,-1.1418515161634994,-0.4797696849102486,-0.8513291545542183,0.08695735723411985,-0.8038283801859513,0.6056074492108526,0.861107405434932,-0.7011984239446959
-0.41271558135450315,-0.5479185907225461,0.20970739510975436,0.4617287908659185,0.850818063918153,0.2863686086287236,1.5777897460553325,2.2715028277601785,-0.19067190513648613
-0.4082050285528146,-0.8448850534430228,0.20970739510975436,-2.0002548567968383,1.7238017286999052,0.4075016073859097,1.17150460707555,0.4262103158956696,-0.7862861770793975
-0.403694475751126,-1.1418515161634994,1.2931713779983305,-1.836122613619321,0.10878194885366357,0.22983987587537014,-1.5273895304330078,-0.6580122892751302,2.702311701443369
-0.39918392294943744,0.6399472601593604,0.9648489589411862,-0.8513291545542183,0.19608031533183887,-0.3394852182834046,0.44599543032593775,0.6647996914067926,-0.445935164540591
-0.3946733701477489,-0.5479185907225461,0.800687749412614,-0.19480018184414993,0.959941022015872,2.083174756860317,-0.6422683347984807,-0.4073424390545831,-0.3608474114058894
-0.39016281734606034,-1.1418515161634994,0.1440429112983255,0.9541255203984699,-0.022165600863599175,0.6194843552109853,-0.2504933793536901,0.14533927890156276,-0.7862861770793975
-0.3856522645443718,3.0156789619231734,-0.7095953782502495,0.4617287908659185,-0.4586574332544753,0.3065574417549213,0.6056074492108526,-0.18083353825288412,1.0856443918840382
-0.38114171174268324,1.2338801856003137,-0.3156084753816764,-0.030667938666632817,-0.043990192483142905,-0.09520033745641274,-1.2807164103381392,1.111777255655479,2.106697429500458
-0.37663115894099464,-1.1418515161634994,1.4901648294326169,0.06781140723987768,0.15243113209275141,0.978845584857304,-0.018330442793814503,1.108757136978123,-0.27575965827118776
-0.3721206061393061,-0.5479185907225461,0.7350232656011851,-1.1795936409092527,0.4143262315272769,-0.18806896983692195,-0.1199017275387596,-0.15063235147932422,-0.7011984239446959
-0.36761005333761754,0.34298079743888377,-1.4647369420816814,0.7899932772209527,1.287309896309029,-1.1268497102051143,0.48952598093091404,-0.9539839196560171,0.14967910740232038
-0.363099500535929,0.34298079743888377,-0.21711174966453317,2.10305122264109,0.5889229644836275,0.1490845433705794,2.9707673654145883,-0.7939176297561497,-0.445935164540591
-0.35858894773424044,-0.2509521280020695,0.9320167170354717,0.2975965476884014,-0.5023066164935627,0.17734890974725598,-1.6579811822479378,-0.7999578671108617,0.31985461367172363
-0.3540783949325519,-0.5479185907225461,-0.05295054013596104,0.2975965476884014,0.850818063918153,-0.4909014667298872,1.0554231387956123,-0.7757969176920138,-0.3608474114058894
-0.3495678421308633,1.8278131110412668,1.2931713779983305,-0.35893242502166706,-0.6769033494499133,-0.2183522195262185,-1.0050229231732868,-0.440563744505499,1.1707321450187398
-0.34505728932917473,-1.1418515161634994,0.5051975722611842,-0.35893242502166706,-1.6590099723293845,-0.05684155451663703,-1.1065942079182323,-0.9932454624616451,-1.0415494364835023
-0.3405467365274862,-1.1418515161634994,0.20970739510975436,-0.35893242502166706,-1.1133951818407894,0.2661797755025259,-0.2795137464236745,2.775862646878629,-0.7011984239446959
-0.33603618372579763,-0.5479185907225461,0.07837842748689666,-0.35893242502166706,-0.1312885589613182,0.5185401895799969,0.06873065841613916,1.2174814093629387,-0.27575965827118776
-0.3315256309241091,0.6399472601593604,-1.366240216364538,-0.5230646681991842,0.08695735723411985,-0.7230730476811605,-0.9034516384283411,-0.4798252873111269,0.6602056262105301
-0.32701507812242053,-1.1418515161634994,-0.512601926815963,-0.19480018184414993,0.850818063918153,-0.05684155451663703,1.011892588190635,0.40204936647682166,-0.9564616833488008
-0.3225045253207319,-0.5479185907225461,1.096177926564044,0.13346430451088429,-1.3316410980362274,-0.5817512157977768,-0.8454109042883718,-0.1174110460284083,-0.5310229176752926
-0.3179939725190434,-0.2509521280020695,-0.28277623347596204,-1.836122613619321,-2.0955018047202607,-0.692789797991864,-0.42461558177359693,0.4654718587012975,-0.7011984239446959
-0.3134834197173548,0.9369137228798371,-0.4141052010988197,0.6258610340434356,0.19608031533183887,-0.35765516809698245,0.5040361644659065,1.978551316056648,0.8303811324799334
-0.3089728669156663,-0.5479185907225461,-0.3156084753816764,-0.35893242502166706,-0.7860263075476324,-0.6019400489239745,0.2428528608360465,-0.4737850499564149,-0.6161106708099943
-0.30446231411397773,-0.2509521280020695,-0.742427620155964,0.6258610340434356,-1.9863788466225416,-0.9047725458169397,-1.9046543023428057,-0.5674087289544506,-0.27575965827118776
-0.2999517613122892,-0.2509521280020695,1.9826484580183332,0.13346430451088429,-0.15311315058086192,0.10870687711818403,-0.2795137464236745,-0.38318148963573534,-0.3608474114058894
-0.29544120851060063,-0.2509521280020695,-0.21711174966453317,-0.5230646681991842,1.069063980113591,-0.13759688702142775,0.8232602022357363,-0.9721046317201532,-0.445935164540591
-0.290930655708912,0.6399472601593604,2.3766353608869064,0.4617287908659185,-0.1312885589613182,-0.1900878531495416,-1.2952265938731315,-1.0355271239446289,2.1917851826351593
-0.2864201029072235,0.04601433471840714,0.2425396370154688,-1.0154613977317355,-1.8772558885248225,0.7809950202205668,-0.7148192524734418,0.1664801096430547,-0.19067190513648613
-0.2819095501055349,-0.2509521280020695,-0.3156084753816764,0.13346430451088429,0.08695735723411985,-0.3273719184076859,-0.1199017275387596,-0.8301590538844216,-0.7011984239446959
-0.2773989973038464,-1.1418515161634994,0.07837842748689666,-0.19480018184414993,-1.0042722237430703,0.19753774287345366,-0.7293294360084343,-0.6580122892751302,0.234766860537022
-0.2728884445021578,2.718712499202697,0.9976812008469006,1.446522249931021,0.4143262315272769,-1.258077125525399,-0.8163905372183875,0.7825843198236763,0.8303811324799334
-0.2683778917004693,-0.5479185907225461,-0.3156084753816764,0.21553042609964285,0.3052032734295579,-0.22238998615145808,0.47501579739592265,-0.9781448690748651,-1.0415494364835023
-0.26386733889878067,-0.8448850534430228,1.1618424103754728,-0.030667938666632817,-0.8951492656453514,0.1450467767453398,-0.9905127396382943,-1.0536478360087647,-0.7862861770793975
-0.2593567860970921,-0.8448850534430228,0.01271394367546781,-0.6871969113767012,0.3052032734295579,0.023913777988153705,0.38795469618596895,0.6647996914067926,-0.27575965827118776
-0.25484623329540357,1.8278131110412668,1.88415173230119,-0.19480018184414993,0.4143262315272769,0.10870687711818403,0.38795469618596895,-0.8210986978523536,0.31985461367172363
-0.250335680493715,-0.5479185907225461,-0.6439308944388207,1.118257763575987,0.741695105820434,-0.3394852182834046,1.8970137838251622,-1.0415673612993408,-0.8713739302140991
-0.24582512769202647,0.6399472601593604,-0.5454341687216774,-0.19480018184414993,0.3052032734295579,-0.8643948795645443,-0.23598319581869767,-1.0566679546861206,0.31985461367172363
-0.2413145748903379,1.2338801856003137,-0.11861502394738989,-0.030667938666632817,-1.1133951818407894,-0.2950697854057696,-1.3532673280131005,3.032572734453888,1.0856443918840382
-0.23680402208864934,-0.5479185907225461,-1.136414523024537,-1.1795936409092527,-1.4407640561339465,-1.0259055445741259,0.0397102913461553,-0.9237827328824573,-0.7011984239446959
-0.2322934692869608,-0.8448850534430228,1.9169839742069044,0.36324944495940803,0.6762213309618024,0.8072405032846237,1.5777897460553325,-0.5734489663091626,0.6602056262105301
-0.2277829164852722,2.42174603648222,-0.512601926815963,0.6258610340434356,-0.698727941069457,-0.7695073638714152,-1.2807164103381392,-1.011366174525781,0.915468885614635
-0.22327236368358366,-0.8448850534430228,-0.8737565877788217,-1.0154613977317355,-1.2225181399385083,-0.9653390451955327,-1.2371858597331629,-0.6398915772109943,-0.9564616833488008
-0.2187618108818951,-1.1418515161634994,1.424500345621188,0.2975965476884014,1.505555812504467,1.023261017734939,2.245258188664976,-0.6429116958883503,-0.6161106708099943
-0.21425125808020654,-1.1418515161634994,-0.1514472658531043,0.4945552395014224,-0.15311315058086192,-0.13154023708356852,0.19932231023106917,1.38962817397223,0.915468885614635
-0.20974070527851799,0.34298079743888377,-0.21711174966453317,0.2975965476884014,-0.15311315058086192,-0.45052380047749185,-0.17794246167872887,-0.38922172699044716,0.915468885614635
-0.20523015247682944,1.5308466483207903,0.9976812008469006,0.4617287908659185,0.5234491896249959,0.17533002643463633,0.25736304437103896,1.2718435455553465,-0.020496398867082873
-0.20071959967514086,0.9369137228798371,1.8513194903954757,0.9541255203984699,0.741695105820434,0.5266157228304761,1.0844435058655963,-0.4254631511187191,0.6602056262105301
-0.1962090468734523,-0.8448850534430228,0.2753718789211832,-0.19480018184414993,-1.7681329304271034,-0.4909014667298872,-0.946982189033318,0.0003735823884751878,-0.9564616833488008
-0.19169849407176376,-0.8448850534430228,-0.8737565877788217,0.13346430451088429,-0.8951492656453514,-0.8139227967490501,-0.946982189033318,0.6074174365370291,0.234766860537022
-0.18718794127007518,-0.8448850534430228,0.5445962625480412,-0.35893242502166706,0.632572147722715,0.40548272407329,-0.06186099339879083,-0.25029626783207176,-0.9564616833488008
-0.18267738846838663,0.34298079743888377,0.01271394367546781,1.118257763575987,-0.0003410092440554495,-0.42629720072605454,0.3299139620460002,-0.5492880168903147,-0.020496398867082873
-0.17816683566669808,1.2338801856003137,-0.8737565877788217,-0.030667938666632817,-0.043990192483142905,-0.7896961969976128,0.6346278162808365,0.039635125194103074,2.021609676365756
-0.1736562828650095,1.2338801856003137,0.1440429112983255,1.2823900067535041,0.741695105820434,-0.4606182170405907,0.8813009363757051,-0.37110101492631137,1.340907651288143
-0.16914573006332095,-0.8448850534430228,0.5708620560726131,-2.164387099974355,-1.1133951818407894,-0.7129786311180617,-0.540697050053535,0.5500351816672653,-0.9564616833488008
-0.1646351772616324,-0.2509521280020695,-0.18427950775881874,-0.42458532229267365,-0.4368328416349315,-0.5676190326094384,-1.2952265938731315,-0.8603602406579814,-0.8713739302140991
-0.16012462445994383,-0.2509521280020695,-0.742427620155964,-0.8513291545542183,-1.1133951818407894,-0.8038283801859513,-1.5418997139679997,-0.5825093223412304,-0.6161106708099943
-0.15561407165825528,0.34298079743888377,-0.11861502394738989,0.6258610340434356,0.3052032734295579,0.2157076926870317,1.2440555247505112,-0.3801613709583794,0.31985461367172363
-0.15110351885656673,0.04601433471840714,-0.9722533134959649,0.6258610340434356,-0.1312885589613182,-0.832092746562628,1.4181777271704186,-0.7093543067901821,-0.3608474114058894
-0.14659296605487815,0.04601433471840714,0.5051975722611842,0.9541255203984699,-0.15311315058086192,0.09861246055508519,-0.17794246167872887,-0.6640525266298422,-0.27575965827118776
-0.1420824132531896,-0.2509521280020695,-1.990052812573112,0.7899932772209527,-0.1312885589613182,-0.9411124454440954,0.28638341144102286,-0.6912335947260462,1.0856443918840382
-0.13757186045150105,-0.8448850534430228,-1.0379177973073939,-0.8513291545542183,-1.8772558885248225,-1.1167552936420153,-0.7583498030784187,0.3265463995429219,-0.7862861770793975
-0.13306130764981247,-0.2509521280020695,-1.0379177973073939,0.4617287908659185,-0.6332541662108259,-0.9007347791917001,1.4907286448453798,0.2631239073184464,-1.0415494364835023
-0.12855075484812392,1.5308466483207903,1.424500345621188,1.2823900067535041,0.7853442890595214,1.0394120842358974,-0.29402392995866694,-0.5130465927620428,1.340907651288143
-0.12404020204643537,-0.8448850534430228,0.11121066939261108,-1.836122613619321,1.17818693821131,0.13495236018224097,0.12677139255610795,1.4802317342929094,-0.445935164540591
-0.11952964924474681,2.718712499202697,0.2425396370154688,1.2823900067535041,0.08695735723411985,0.534691256080955,1.0844435058655963,0.293325094092006,0.915468885614635
-0.11501909644305824,2.42174603648222,-1.1035822811188227,0.13346430451088429,1.17818693821131,-1.0057167114479282,0.41697506325595285,-0.28351757328298766,1.2558198981534414
-0.1105085436413697,-0.8448850534430228,2.442299844698335,0.2975965476884014,0.741695105820434,0.962694518356346,0.5910972656758602,1.2174814093629387,-0.3608474114058894
-0.10599799083968113,0.34298079743888377,2.212474151358334,-0.6871969113767012,0.4143262315272769,1.7298701771518579,-0.17794246167872887,0.33560675557498987,-0.3608474114058894
-0.10148743803799257,0.34298079743888377,1.194674652281187,-0.19480018184414993,0.3052032734295579,0.8355048696613007,-0.38108503116862014,-0.7999578671108617,2.532136195173966
-0.09697688523630402,0.34298079743888377,-0.6110986525331062,2.9237124385286752,0.850818063918153,-0.1396157703340474,0.9828722211206512,-0.5039862367299749,2.702311701443369
-0.09246633243461545,0.04601433471840714,0.800687749412614,0.4617287908659185,0.45797541476636433,0.7729194869700876,0.8813009363757051,0.14533927890156276,2.8724872077127723
-0.0879557796329269,0.04601433471840714,0.8335199913183284,0.13346430451088429,-0.4586574332544753,1.406848847132695,0.35893432911598405,-0.26237674254149573,-0.27575965827118776
-0.08344522683123834,0.34298079743888377,-0.742427620155964,-1.5078581272642868,-0.1312885589613182,-0.7129786311180617,0.22834267730105406,0.08191678667708695,-0.27575965827118776
-0.07893467402954978,0.6399472601593604,0.07837842748689666,-0.030667938666632817,0.06513276561457612,-0.07299262101759511,-0.7003090689384494,-0.3137187600565476,-0.3608474114058894
-0.07442412122786123,-1.1418515161634994,-0.6767631363445351,-0.6871969113767012,-1.3316410980362274,-0.6483743651142291,-1.6579811822479378,-0.6640525266298422,-1.0415494364835023
-0.06991356842617266,-0.2509521280020695,-1.3334079744588236,1.118257763575987,-1.4407640561339465,-0.884583712690742,-0.7148192524734418,-0.5009661180526188,-0.9564616833488008
-0.0654030156244841,-0.8448850534430228,0.3738686046383265,2.4313157089961237,-0.1312885589613182,-0.13759688702142775,0.05422047488114672,-0.71841466282225,1.0005566387493365
-0.06089246282279554,-0.2509521280020695,1.6871582808669034,0.7899932772209527,2.051170602993062,3.143088495985696,0.8667907528407126,5.028871180186196,-0.7011984239446959
-0.056381910021106985,-1.1418515161634994,-0.11861502394738989,-0.6871969113767012,-0.6769033494499133,-0.6524121317394687,-0.8076844270973917,3.802702997179665,-1.0415494364835023
-0.05187135721941843,-1.1418515161634994,-1.2349112487416802,-0.6871969113767012,-0.7860263075476324,-0.884583712690742,0.48952598093091404,0.22084224583546255,-1.0415494364835023
-0.047360804417729864,-0.5479185907225461,-0.5454341687216774,-1.1795936409092527,1.17818693821131,-0.6019400489239745,0.35893432911598405,-0.7455957309184539,-0.7011984239446959
-0.04285025161604131,-0.5479185907225461,0.01271394367546781,-1.671990370441804,1.505555812504467,0.04410261111435139,0.5475667150708838,1.0392944073989352,-0.445935164540591
-0.03833969881435275,2.42174603648222,0.6036942979783274,0.7899932772209527,1.505555812504467,1.7298701771518579,0.9828722211206512,0.1695002283204107,2.106697429500458
-0.033829146012664194,-1.1418515161634994,-0.7752598620616784,0.7899932772209527,-1.5498870142316654,-0.7028842145549629,-1.0485534737782636,-0.5221069487941108,-0.9564616833488008
-0.029318593210975633,-0.8448850534430228,-1.136414523024537,-1.0154613977317355,0.850818063918153,-0.7937339636228524,0.6926685504208063,0.11211797345064686,-0.9564616833488008
-0.024808040409287073,0.04601433471840714,1.1290101684697582,0.21553042609964285,0.6107475561031708,1.3886788973191169,2.3032989228049447,-0.7063341881128261,-0.1055841520017845
-0.020297487607598516,-1.1418515161634994,-0.9394210715902506,2.2671834658186065,1.069063980113591,-0.8240172133121489,1.5922999295903248,1.658418736256913,0.14967910740232038
-0.015786934805909956,-0.8448850534430228,-0.4797696849102486,-0.030667938666632817,0.08695735723411985,-0.7230730476811605,-0.23598319581869767,1.054395000785715,-0.7862861770793975
-0.011276382004221397,-1.1418515161634994,-0.5454341687216774,-0.35893242502166706,-0.7860263075476324,-0.5555057327337198,-1.8030830175978603,-0.712374425467538,-0.9564616833488008
-0.006765829202532838,-0.8448850534430228,-0.4141052010988197,-1.0154613977317355,-2.3137477209156985,0.2863686086287236,-1.0195331067082791,1.4349299541325697,-1.0415494364835023
-0.0022552764008442793,-0.8448850534430228,-1.0379177973073939,-0.8513291545542183,-1.2225181399385083,-0.9552446286324339,-1.0630636573132555,2.4043880495638423,-0.7011984239446959
0.0022552764008442793,-0.8448850534430228,0.11121066939261108,-0.19480018184414993,-0.5677803913521943,-0.440429383914393,-1.1791451255931935,-0.7576762056278777,-0.7011984239446959
0.006765829202532838,-0.8448850534430228,-0.08578278204167547,-1.5078581272642868,-1.7681329304271034,-1.0460943777003235,-1.4693487962930385,-0.8059981044655736,-0.7862861770793975
0.011276382004221397,0.34298079743888377,-0.18427950775881874,0.13346430451088429,-0.022165600863599175,-0.4283160840386744,-0.018330442793814503,0.5681558937314012,0.14967910740232038
0.015786934805909956,1.2338801856003137,-0.5454341687216774,2.2671834658186065,0.741695105820434,-0.38390065116103955,1.5777897460553325,-0.7033140694354701,1.0005566387493365
0.020297487607598516,0.34298079743888377,0.7350232656011851,0.7899932772209527,-0.34953447515675623,1.3260935146279043,-0.06186099339879083,-0.06002879115864447,2.106697429500458
0.024808040409287073,-0.2509521280020695,-0.7095953782502495,-0.35893242502166706,-0.6769033494499133,-0.7331674642442594,-0.1199017275387596,1.4409701914872817,-0.445935164540591
0.029318593210975633,-0.8448850534430228,-0.7095953782502495,-0.5230646681991842,-0.022165600863599175,0.42769044051210736,-0.06186099339879083,-0.0841897405774924,0.7452933793452318
0.033829146012664194,0.34298079743888377,1.4573325875269025,0.2975965476884014,0.8289934722986089,2.7312363002112625,1.926034150895147,-0.39828208302251517,-0.5310229176752926
0.03833969881435275,-0.8448850534430228,0.30820412082689763,-0.6871969113767012,-1.6590099723293845,2.638367667830754,-1.2662062268031473,-0.25029626783207176,-1.0415494364835023
0.04285025161604131,0.04601433471840714,-0.18427950775881874,-0.030667938666632817,-1.8772558885248225,-0.6726009648656663,-1.498369163363023,-0.026807485707728566,0.31985461367172363
0.047360804417729864,0.04601433471840714,1.194674652281187,0.4617287908659185,0.4798000063859085,1.5017363628258238,0.06873065841613916,1.0000328645933076,-0.19067190513648613
0.05187135721941843,-0.5479185907225461,0.17687515320403993,-1.1795936409092527,-0.5677803913521943,1.2251493489969159,-0.6857988854034575,3.4070674504460308,-0.7011984239446959
0.056381910021106985,-0.2509521280020695,-0.8409243458731073,-1.3437258840867696,0.5234491896249959,-0.3899573010988988,-1.1211043914532248,1.4258695981005016,0.4900301199411269
0.06089246282279554,-1.1418515161634994,0.30820412082689763,-0.5230646681991842,1.17818693821131,0.07438586080364791,0.2718732279060304,-0.8331791725617775,-0.9564616833488008
0.0654030156244841,-0.2509521280020695,-1.300575732553109,-0.19480018184414993,-0.5459557997326505,-0.48686370010464763,-1.6434709987129452,-0.25029626783207176,-0.7011984239446959
0.06991356842617266,-0.2509521280020695,2.343803118981192,-0.19480018184414993,0.19608031533183887,2.153835672802009,0.35893432911598405,-0.6972738320807581,-0.7011984239446959
0.07442412122786123,0.04601433471840714,-0.8737565877788217,-0.6871969113767012,-0.4586574332544753,-0.2849753688426708,-0.06186099339879083,-0.9388833262692372,-0.19067190513648613
0.07893467402954978,0.6399472601593604,0.5051975722611842,-0.9333952761429769,-0.3058852919176688,0.1652356098715375,-1.193655309128186,-0.9690845130427972,1.8514341700963528
0.08344522683123834,0.34298079743888377,0.47236533035546974,0.9541255203984699,1.287309896309029,-0.6625065483025675,0.3734445126509765,-0.5613684915997387,0.14967910740232038
0.0879557796329269,1.5308466483207903,-1.6288981516102534,0.4617287908659185,-0.4586574332544753,-0.46869375029106974,-0.1199017275387596,-0.5794892036638745,0.40494236680642526
0.09246633243461545,0.34298079743888377,1.5229970713383314,-0.6871969113767012,0.7853442890595214,1.921664091850736,0.06873065841613916,-1.0174064118804929,0.6602056262105301
0.09697688523630402,-0.5479185907225461,0.04554618558118224,-2.0002548567968383,0.3052032734295579,0.11476352705604329,1.403667543635426,0.14533927890156276,-0.6161106708099943
0.10148743803799257,0.04601433471840714,-0.21711174966453317,-0.030667938666632817,-0.10946396734177447,-0.2143144529009789,-0.5116766829835506,-0.28955781063769964,1.0856443918840382
0.10599799083968113,-1.1418515161634994,-0.6767631363445351,-0.8513291545542183,-0.4368328416349315,-0.4888825834172674,-1.5273895304330078,-0.41036255773193914,-0.7011984239446959
0.1105085436413697,1.2338801856003137,2.4751320866040496,0.13346430451088429,0.7853442890595214,2.4364793365687767,-0.946982189033318,2.1718389114074315,0.4900301199411269
0.11501909644305824,-0.8448850534430228,1.6543260389611891,-0.35893242502166706,2.160293561090781,4.293851984178964,1.4471980942404024,0.6950008781803525,-0.445935164540591
0.11952964924474681,0.6399472601593604,-0.6439308944388207,1.446522249931021,1.069063980113591,-0.16788013671072427,0.47501579739592265,0.610437555214385,-0.445935164540591
0.12404020204643537,-0.8448850534430228,-0.3156084753816764,-0.030667938666632817,0.08695735723411985,0.22580210925013053,0.28638341144102286,0.1695002283204107,-0.7011984239446959
0.12855075484812392,-0.8448850534430228,0.7021910236954707,0.9541255203984699,-0.6769033494499133,1.5784539287053754,1.4471980942404024,1.8245252635114928,-0.9564616833488008
0.13306130764981247,-0.8448850534430228,0.7021910236954707,0.13346430451088429,-0.7860263075476324,-0.9350557955062362,-0.9034516384283411,-0.6519720519204183,-1.0415494364835023
0.13757186045150105,-1.1418515161634994,0.5380298141668987,-1.0154613977317355,0.632572147722715,0.13495236018224097,0.31540377851100776,0.18762094038454663,-1.0415494364835023
0.1420824132531896,-0.2509521280020695,1.6871582808669034,0.9541255203984699,0.4143262315272769,3.2339382450535856,0.47501579739592265,-0.6459318145657063,-0.9564616833488008
0.14659296605487815,-0.8448850534430228,-0.8080921039673928,-0.35893242502166706,-0.8951492656453514,-0.5857889824230164,-0.7583498030784187,1.8819075183812561,-0.9564616833488008
0.15110351885656673,0.04601433471840714,0.7350232656011851,0.7899932772209527,0.3052032734295579,0.09255581061722594,0.8813009363757051,0.24802331393166646,0.31985461367172363
0.15561407165825528,-0.8448850534430228,-1.2677434906473948,-0.35893242502166706,-1.5717116058512093,-0.8462249297509664,-2.064266321227721,0.4594316213465855,-0.5310229176752926
0.16012462445994383,-0.2509521280020695,0.2425396370154688,-0.6871969113767012,-0.022165600863599175,-0.3899573010988988,-0.8744312713583567,-0.7637164429825898,-0.445935164540591
0.1646351772616324,-0.8448850534430228,-0.08578278204167547,1.2823900067535041,1.287309896309029,0.1652356098715375,1.8679934167551773,0.10607773609593488,-0.6161106708099943
0.16914573006332095,-0.5479185907225461,-0.9065888296845361,-0.35893242502166706,-1.2225181399385083,-0.7836395470597536,-0.9324720054983255,0.2691641446731584,-1.0415494364835023
0.1736562828650095,-1.1418515161634994,-0.6439308944388207,-0.6871969113767012,1.832924686797624,-0.7634507139335559,1.1860147906105425,0.07285643064501898,-1.0415494364835023
0.17816683566669808,-0.5479185907225461,-0.21711174966453317,-0.6871969113767012,-0.7860263075476324,-0.230465519401937,-0.23598319581869767,-0.1536524701566802,-1.0415494364835023
0.18267738846838663,1.2338801856003137,0.9648489589411862,0.4617287908659185,0.3052032734295579,0.5690122723954911,1.5197490119153636,0.1332588041921388,0.234766860537022
0.18718794127007518,0.04601433471840714,2.0483129418297623,0.4617287908659185,1.069063980113591,1.2453381821231135,0.6636481833508214,-0.6278111025015704,-0.19067190513648613
0.19169849407176376,-1.1418515161634994,-0.9065888296845361,-0.39175887365717094,-0.8296754907867198,-0.5837700991103966,-0.8105864638043901,-0.6519720519204183,-0.7011984239446959
0.1962090468734523,-0.8448850534430228,1.949816216112619,-0.6871969113767012,0.08695735723411985,0.2661797755025259,0.2428528608360465,-0.434523507150787,0.40494236680642526
0.20071959967514086,-1.1418515161634994,0.43953308844975536,1.7747867362860554,1.832924686797624,-0.08712480420593355,1.1860147906105425,-0.5674087289544506,-0.6161106708099943
0.20523015247682944,-0.8448850534430228,-0.8737565877788217,0.7899932772209527,-0.4586574332544753,0.2661797755025259,0.3734445126509765,-0.7214347814996059,0.8303811324799334
0.20974070527851799,-0.5479185907225461,-0.742427620155964,-0.2604530791151565,-1.5717116058512093,-0.805847263498571,-1.4838589798280308,-1.0989496161691046,-0.8713739302140991
0.21425125808020654,-0.2509521280020695,-1.0707500392131082,0.13346430451088429,-1.4407640561339465,-0.692789797991864,-0.29402392995866694,0.23896295789959848,0.40494236680642526
0.2187618108818951,-0.8448850534430228,-1.366240216364538,0.13346430451088429,-1.9863788466225416,-0.945150212069335,-0.35206466409863574,0.1664801096430547,-0.9564616833488008
0.22327236368358366,-0.5479185907225461,0.5708620560726131,0.21553042609964285,0.04330817399503239,-0.35159851815912324,-0.9905127396382943,-0.9207626142051013,-0.3608474114058894
0.2277829164852722,-0.8448850534430228,-1.0379177973073939,-0.35893242502166706,-2.3137477209156985,-0.771526247184035,-1.1501247585232093,2.0117726215075633,0.234766860537022
0.2322934692869608,-1.1418515161634994,0.6365265398840418,0.7407536042676981,0.6980459225813465,0.36106729119565506,1.4471980942404024,-0.8059981044655736,-0.3608474114058894
0.23680402208864934,2.42174603648222,0.6036942979783274,1.0361916419872284,0.4143262315272769,0.6134277052731261,0.7216889174907902,-0.6882134760486901,0.6602056262105301
0.2413145748903379,0.34298079743888377,0.8335199913183284,0.21553042609964285,0.4143262315272769,-0.35159851815912324,-0.3665748476336282,-0.11439092735105232,-0.445935164540591
0.24582512769202647,-0.8448850534430228,-0.8080921039673928,-0.19480018184414993,-1.5498870142316654,-0.8421871631257268,-2.064266321227721,-0.9811649877522212,-1.0415494364835023
0.250335680493715,0.6399472601593604,-0.4797696849102486,1.2823900067535041,-0.10946396734177447,-0.3899573010988988,0.6346278162808365,0.7705038451142523,-0.19067190513648613
0.25484623329540357,-1.1418515161634994,2.212474151358334,2.595447952173641,-0.4586574332544753,0.7809950202205668,0.2718732279060304,-0.11137080867369632,0.6602056262105301
0.2593567860970921,-0.5479185907225461,-1.2677434906473948,-0.5230646681991842,-0.6769033494499133,-1.0460943777003235,-0.032840626328805925,0.07587654932237496,-0.9564616833488008
0.26386733889878067,0.04601433471840714,-0.1514472658531043,-0.6871969113767012,-0.2404115170590372,-0.3394852182834046,0.11226120902111653,-0.7304951375316739,-0.7862861770793975
0.2683778917004693,1.2338801856003137,-0.44693744300453414,-0.19480018184414993,-0.8733246740258076,-0.7250919309937803,-0.2795137464236745,1.4590909035514177,-0.020496398867082873
0.2728884445021578,0.04601433471840714,-0.1514472658531043,-0.8513291545542183,-1.8772558885248225,-0.6160722321123129,-0.3955952147036126,-0.27747733592827567,-0.27575965827118776
0.2773989973038464,-1.1418515161634994,1.9169839742069044,0.4617287908659185,3.6880149744588473,-1.4094933739718818,3.913929295189084,5.88356476587794,-0.7011984239446959
0.2819095501055349,-0.8448850534430228,-0.7095953782502495,-0.030667938666632817,-1.8772558885248225,-0.8442060464383466,-1.034043290243271,0.5621156563766893,-0.445935164540591
0.2864201029072235,-1.1418515161634994,-0.8737565877788217,0.6258610340434356,1.7238017286999052,-0.6221288820501721,0.5910972656758602,-0.42848326979607504,-0.6161106708099943
0.290930655708912,-1.1418515161634994,-0.5782664106273918,-0.6871969113767012,0.850818063918153,-0.9047725458169397,0.1703019431610853,0.11513809212800286,-0.9564616833488008
0.29544120851060063,-1.1418515161634994,-0.05295054013596104,0.13346430451088429,-1.2225181399385083,-0.9148669623800385,-0.2795137464236745,-0.5643886102770946,-0.6161106708099943
0.2999517613122892,-0.8448850534430228,-1.300575732553109,-0.6871969113767012,-1.7681329304271034,-0.5918456323608756,-1.6289608151779533,-0.17177318222081614,-0.8713739302140991
0.30446231411397773,-0.5479185907225461,0.40670084654404093,-0.19480018184414993,-0.8296754907867198,-0.7271108143064001,-0.5116766829835506,0.21178188980339457,-0.8713739302140991
0.3089728669156663,-1.1418515161634994,-1.0050855554016793,-0.35893242502166706,0.3052032734295579,0.5690122723954911,1.0844435058655963,-0.27445721725091965,-0.7011984239446959
0.3134834197173548,-0.5479185907225461,-0.08578278204167547,0.13346430451088429,0.327027865049102,-0.3233341517824465,-1.861123751737829,1.087616306236631,3.2979259733862807
0.3179939725190434,-0.5479185907225461,-0.7095953782502495,-1.5078581272642868,-0.1312885589613182,-0.4909014667298872,0.7797296516307589,0.07889666799973095,-0.7862861770793975
0.3225045253207319,3.0156789619231734,1.7528227646783323,-0.8513291545542183,0.08695735723411985,0.7951272034089052,0.1703019431610853,-0.7848572737240816,0.40494236680642526
0.32701507812242053,-0.8448850534430228,0.43953308844975536,-1.5078581272642868,0.4798000063859085,-0.4747504002289291,-0.83090072075338,0.6496990980200129,2.4470484420392644
0.3315256309241091,0.34298079743888377,-1.1692467649302516,-0.35893242502166706,-0.1312885589613182,-0.8341116298752478,-0.32304429702865134,-0.3257992347659715,-0.7862861770793975
0.33603618372579763,1.8278131110412668,0.8663522332240429,0.9541255203984699,2.051170602993062,0.8415615195991598,0.7507092845607751,1.598016362709793,1.5110831575575463
0.3405467365274862,1.5308466483207903,0.40670084654404093,0.13346430451088429,0.4143262315272769,-0.945150212069335,-0.946982189033318,-0.03586784173979654,4.063715751598595
0.34505728932917473,1.5308466483207903,-0.05295054013596104,-0.030667938666632817,-0.7860263075476324,-0.9855278783217304,-1.6870015493179222,0.7886245571783882,1.2558198981534414
0.3495678421308633,-0.8448850534430228,-1.661730393515968,-0.8513291545542183,-0.698727941069457,-0.9431313287567152,-1.5418997139679997,-0.16875306354346015,-0.6161106708099943
0.3540783949325519,1.2338801856003137,-1.5632336677988246,-0.19480018184414993,1.17818693821131,-1.0561887942634223,0.41697506325595285,0.7040612342124205,0.4900301199411269
0.35858894773424044,0.34298079743888377,-1.1035822811188227,0.4617287908659185,0.08695735723411985,-0.4969581166677465,-0.7003090689384494,-0.6459318145657063,0.31985461367172363
0.363099500535929,1.8278131110412668,-0.21711174966453317,2.10305122264109,0.28337868181001413,-0.5514679661084803,-1.2226756761981705,1.6614388549342691,0.06459135426761875
0.36761005333761754,-1.1418515161634994,0.07837842748689666,-1.3437258840867696,-1.7681329304271034,-0.4909014667298872,-1.5418997139679997,-0.06002879115864447,-1.0415494364835023
0.3721206061393061,-1.1418515161634994,-1.5632336677988246,-1.671990370441804,-2.0955018047202607,-1.1874162095837073,-0.671288701868465,-0.6127105091147903,-0.9564616833488008
0.37663115894099464,-1.1418515161634994,-0.8080921039673928,-0.6871969113767012,0.741695105820434,-0.5413735495453814,0.6346278162808365,0.3869487730900417,-0.7011984239446959
0.38114171174268324,1.2338801856003137,-0.05295054013596104,0.36324944495940803,-0.10946396734177447,-0.46667486697844995,-0.35206466409863574,-0.8724407153674054,0.40494236680642526
0.3856522645443718,0.6399472601593604,1.0633456846583293,0.4617287908659185,1.287309896309029,-0.13759688702142775,1.984074885035116,0.299365331446718,-0.5310229176752926
0.39016281734606034,-0.8448850534430228,0.7350232656011851,0.7899932772209527,1.17818693821131,1.346282347754102,1.2875860753554875,0.40808960383153364,-0.445935164540591
0.3946733701477489,-1.1418515161634994,0.5051975722611842,-0.19480018184414993,0.959941022015872,1.0192232511096995,0.11226120902111653,-0.9117022581730333,-0.9564616833488008
0.39918392294943744,-1.1418515161634994,-0.08578278204167547,-0.5230646681991842,-0.2404115170590372,-0.28295648553005115,0.9248314869806814,-0.6429116958883503,-0.9564616833488008
0.403694475751126,0.9369137228798371,0.47236533035546974,1.446522249931021,0.763519697439978,-0.3394852182834046,-0.3665748476336282,-0.7908975110787937,1.4259954044228447
0.4082050285528146,0.04601433471840714,-0.2499439915702476,-0.6871969113767012,-0.17493774220040564,-0.3778440012231801,-0.5116766829835506,-1.0445874799766968,-0.7862861770793975
0.41271558135450315,-1.1418515161634994,0.5051975722611842,0.9541255203984699,-0.2404115170590372,-0.440429383914393,-0.7438396195434263,-0.727475018854318,2.1917851826351593
0.4172261341561917,-0.5479185907225461,-0.5454341687216774,0.6258610340434356,1.7238017286999052,0.37721835769661316,0.18481212669607774,0.7221819462765564,-0.3608474114058894
0.42173668695788025,0.9369137228798371,-0.2499439915702476,0.2975965476884014,-1.3316410980362274,-0.440429383914393,-1.2516960432681548,-0.01774712967566059,-0.19067190513648613
0.4262472397595688,1.2338801856003137,0.1440429112983255,0.13346430451088429,0.959941022015872,-0.7937339636228524,-0.946982189033318,-0.9358632075918812,0.4900301199411269
0.43075779256125735,0.04601433471840714,0.34103636273261206,1.118257763575987,0.19608031533183887,-0.440429383914393,-0.6422683347984807,-0.15969270751139217,2.532136195173966
0.43526834536294595,-0.2509521280020695,1.194674652281187,-0.19480018184414993,0.08695735723411985,1.7601534268411545,0.44599543032593775,-0.38620160831309136,0.14967910740232038
0.4397788981646345,-1.1418515161634994,0.04554618558118224,1.2823900067535041,0.850818063918153,-0.143653536959287,0.4024648797209614,-0.8301590538844216,-0.3608474114058894
0.44428945096632305,0.04601433471840714,-1.202079006835966,-1.1795936409092527,-0.7860263075476324,-1.0561887942634223,-0.671288701868465,-0.5009661180526188,-0.445935164540591
0.4488000037680116,-1.1418515161634994,-1.2349112487416802,0.7899932772209527,0.19608031533183887,-0.28901313546791035,0.8377703857707288,-0.7214347814996059,-0.8713739302140991
0.45331055656970015,-1.1418515161634994,0.7678555075068996,-0.030667938666632817,1.047239388494047,1.257451481998832,1.7083813978702636,0.47755233341072145,-0.19067190513648613
0.4578211093713887,-1.1418515161634994,0.43953308844975536,-0.35893242502166706,1.3964328544067481,0.9727889349194448,1.43268791070541,-0.32277911608861554,-0.7862861770793975
0.46233166217307725,-0.8448850534430228,0.5708620560726131,-0.8513291545542183,1.287309896309029,3.2945047444321784,1.2005249741455348,0.19366117773925862,-1.0415494364835023
0.46684221497476586,-1.1418515161634994,1.6871582808669034,0.4617287908659185,0.3052032734295579,1.1242051833659275,2.042115619175085,2.0751951137320397,2.106697429500458
0.4713527677764544,0.04601433471840714,-0.742427620155964,-0.030667938666632817,-1.3316410980362274,-0.7836395470597536,-0.9905127396382943,-0.5372075421808907,-0.445935164540591
0.47586332057814296,1.2338801856003137,2.3766353608869064,0.6258610340434356,0.3925016399077328,0.5104646563295178,-0.9179618219633331,0.23896295789959848,2.8724872077127723
0.4803738733798315,-0.5479185907225461,-1.2677434906473948,-0.6051307897879427,-0.1312885589613182,-0.884583712690742,0.6346278162808365,0.4745322147333655,-0.7862861770793975
0.48488442618152006,-0.5479185907225461,-1.0707500392131082,1.446522249931021,0.08695735723411985,-0.46667486697844995,0.15579175962609285,-0.5432477795356028,0.7452933793452318
0.4893949789832086,0.04601433471840714,-0.742427620155964,-0.35893242502166706,0.959941022015872,-0.5211847164191837,0.05422047488114672,-0.9872052251069331,-0.020496398867082873
0.4939055317848972,0.04601433471840714,0.11121066939261108,-0.19480018184414993,-1.2225181399385083,-0.3192963851572069,-0.5116766829835506,2.0298933335716995,1.0005566387493365
0.49841608458658576,-0.2509521280020695,-1.366240216364538,-0.21121340616190187,-0.3931836583958437,-0.7594129473083163,0.23124471400805297,-0.8996217834636093,-0.9564616833488008
0.5029266373882743,0.6399472601593604,1.4573325875269025,0.13346430451088429,0.5670983728640834,0.6618809047760004,-0.8454109042883718,-0.5070063554073309,2.787399454578071
0.5074371901899629,0.34298079743888377,-0.3812729591931053,-0.35893242502166706,-0.32770988353721253,-0.3939950677241384,-0.9324720054983255,-0.5432477795356028,-0.27575965827118776
0.5119477429916515,-0.5479185907225461,-1.3334079744588236,-0.030667938666632817,-1.5498870142316654,-0.7836395470597536,-0.3375544805636433,0.22688248319017454,-0.7011984239446959
0.51645829579334,0.9369137228798371,2.409467602792621,-0.19480018184414993,0.4143262315272769,-0.08712480420593355,-1.0630636573132555,-0.9328430889145253,1.8514341700963528
0.5209688485950286,0.6399472601593604,1.0633456846583293,0.13346430451088429,0.3052032734295579,0.39740719082281084,-0.4536359488435813,1.108757136978123,0.4900301199411269
0.5254794013967171,-0.5479185907225461,-0.1514472658531043,1.446522249931021,-1.1133951818407894,-0.8341116298752478,-1.0485534737782636,-0.4798252873111269,-1.0415494364835023
0.5299899541984057,-0.2509521280020695,-1.2349112487416802,-0.030667938666632817,0.3052032734295579,-0.6988464479297233,0.6926685504208063,-0.6187507464695023,-0.445935164540591
0.5345005070000942,0.6399472601593604,-0.6570637912011067,-0.35893242502166706,1.287309896309029,-0.07097373770497546,0.9538518540506663,0.7705038451142523,0.6602056262105301
0.5390110598017828,0.9369137228798371,-0.9065888296845361,-0.6871969113767012,-0.4586574332544753,-0.7533562973704571,0.12677139255610795,0.8037251505651681,0.6602056262105301
0.5435216126034713,-0.2509521280020695,-0.8409243458731073,0.4617287908659185,1.069063980113591,-0.46667486697844995,0.7071787339557978,-0.7063341881128261,0.5751178730758285
0.5480321654051599,1.8278131110412668,-1.5304014258931102,0.7899932772209527,0.26155409019047043,-0.719035281055921,0.12677139255610795,-0.6308312211789263,0.40494236680642526
0.5525427182068484,-1.1418515161634994,1.9169839742069044,1.446522249931021,-0.34953447515675623,-0.6423177151763698,0.5910972656758602,-0.4768051686337709,0.14967910740232038
0.557053271008537,-0.8448850534430228,0.2753718789211832,-1.0154613977317355,-0.6769033494499133,0.1652356098715375,-0.555207233588527,0.6647996914067926,-1.0415494364835023
0.5615638238102256,-0.5479185907225461,-1.2349112487416802,-1.836122613619321,-0.6769033494499133,-0.7836395470597536,-0.29402392995866694,1.4983524463570455,-1.0415494364835023
0.5660743766119142,1.2338801856003137,-0.05295054013596104,0.4617287908659185,-0.32770988353721253,-0.0023317050759032237,-1.077573840848248,-0.1898938942849521,2.6172239483086677
0.5705849294136027,2.42174603648222,-1.2349112487416802,-0.030667938666632817,0.19608031533183887,-0.8179605633742897,-0.3955952147036126,-0.5281471861488227,1.0856443918840382
0.5750954822152913,-1.1418515161634994,0.5708620560726131,-0.8513291545542183,-1.3316410980362274,0.5690122723954911,-1.498369163363023,-0.7999578671108617,-1.0415494364835023
0.5796060350169798,1.5308466483207903,-1.0050855554016793,-0.35893242502166706,0.6107475561031708,-0.49897699998036626,-1.193655309128186,-0.8210986978523536,2.106697429500458
0.5841165878186684,-0.5479185907225461,-1.0050855554016793,-0.8513291545542183,-0.7642017159280886,-0.745280764119978,-0.7438396195434263,0.16043987228834272,-0.9564616833488008
0.5886271406203569,-0.2509521280020695,-0.742427620155964,-1.5078581272642868,-1.1133951818407894,-0.6826953814287652,-0.9905127396382943,-0.9600241570107292,-0.7862861770793975
0.5931376934220455,-0.2509521280020695,1.3588358618097593,-0.19480018184414993,-1.2225181399385083,-0.4909014667298872,-0.1199017275387596,-0.6157306277921464,-0.445935164540591
0.597648246223734,1.5308466483207903,0.7678555075068996,1.2823900067535041,0.5234491896249959,0.11476352705604329,-0.3085341134936589,0.9033890669179159,1.6812586638269496
0.6021587990254226,0.9369137228798371,0.11121066939261108,1.118257763575987,0.3925016399077328,0.2621420088772863,0.7507092845607751,-0.5070063554073309,1.5110831575575463
0.6066693518271111,2.718712499202697,-1.4975691839873957,-1.0154613977317355,0.763519697439978,-0.8603571129393047,0.05422047488114672,-0.8815010713994734,0.6602056262105301
0.6111799046287997,0.6399472601593604,0.2425396370154688,1.446522249931021,-2.4228706790134176,1.7399645937149568,-1.861123751737829,0.3325866368976339,2.276872935769861
0.6156904574304882,-0.5479185907225461,-1.7602271192331111,-0.19480018184414993,0.3052032734295579,-0.884583712690742,-1.077573840848248,-0.8603602406579814,-0.7011984239446959
0.6202010102321769,-0.2509521280020695,0.07837842748689666,0.6258610340434356,0.4143262315272769,-0.23854105265241618,0.11226120902111653,-0.5039862367299749,-0.6161106708099943
0.6247115630338654,0.6399472601593604,-0.2499439915702476,-0.30969275206841235,-0.6550787578303696,-0.30920196859410803,-0.4536359488435813,-0.8543200033032695,-0.6161106708099943
0.629222115835554,1.5308466483207903,0.2753718789211832,-0.19480018184414993,0.04330817399503239,-0.14567242027190694,0.25736304437103896,0.5439949443125532,1.0005566387493365
0.6337326686372425,-0.2509521280020695,0.11121066939261108,-1.1795936409092527,-0.9169738572648951,0.021894894675534054,-0.1199017275387596,-0.9690845130427972,-0.7862861770793975
0.6382432214389311,-0.2509521280020695,-1.136414523024537,-1.0154613977317355,-1.2225181399385083,-0.8119039134364303,-1.5418997139679997,-0.0841897405774924,-1.0415494364835023
0.6427537742406196,-0.8448850534430228,-0.8080921039673928,-0.6871969113767012,-1.1133951818407894,-0.7230730476811605,-2.064266321227721,-0.5221069487941108,-1.0415494364835023
0.6472643270423082,-0.2509521280020695,-0.18427950775881874,0.13346430451088429,-1.5498870142316654,-0.4909014667298872,-0.8889414548933486,-1.1019697348464605,-0.7862861770793975
0.6517748798439967,-1.1418515161634994,-0.1514472658531043,-0.5230646681991842,0.19608031533183887,0.34693510800731664,-0.23598319581869767,0.063796074612951,-0.9564616833488008
0.6562854326456853,-1.1418515161634994,-0.34844071728739084,-0.6051307897879427,-0.960623040503983,-0.40610836759985686,-1.1356145749882167,0.5681558937314012,-0.19067190513648613
0.6607959854473738,-0.5479185907225461,0.01271394367546781,-1.0154613977317355,-1.2225181399385083,-0.4808070501667884,-0.38108503116862014,0.7403026583406923,-0.9564616833488008
0.6653065382490624,-1.1418515161634994,-0.4797696849102486,0.2975965476884014,0.4798000063859085,-0.14163465364666736,1.8679934167551773,0.646678979342657,-0.7862861770793975
0.6698170910507509,-0.8448850534430228,-1.1692467649302516,-0.5230646681991842,2.487662435383938,-0.8946781292538408,1.2875860753554875,1.3443263938118903,-0.3608474114058894
0.6743276438524396,0.6399472601593604,-1.0050855554016793,-0.19480018184414993,0.1306065404732073,-0.8744892961276431,-0.38108503116862014,0.08795702403179893,-0.19067190513648613
0.6788381966541281,-0.8448850534430228,-1.4647369420816814,-1.3437258840867696,0.08695735723411985,-0.9855278783217304,0.12677139255610795,2.3530460320487903,-0.7862861770793975
0.6833487494558167,0.04601433471840714,0.34103636273261206,0.1662907531463882,0.08695735723411985,0.11880129368128288,0.06873065841613916,-0.5130465927620428,-0.8713739302140991
0.6878593022575052,-1.1418515161634994,-0.5454341687216774,1.446522249931021,0.4143262315272769,-0.32535303509506613,-0.4101053982386045,-0.8301590538844216,1.0856443918840382
0.6923698550591938,-1.1418515161634994,-2.12138178019597,-1.0154613977317355,0.436150823146821,-0.6867331480540048,-1.556409897502992,0.7946647945331002,2.8724872077127723
0.6968804078608823,-1.1418515161634994,0.17687515320403993,0.6258610340434356,0.850818063918153,0.5690122723954911,0.5620768986058753,1.0030529832706636,-0.8713739302140991
0.7013909606625709,-0.2509521280020695,0.2425396370154688,1.6106544931085383,2.160293561090781,0.013819361425054865,0.5765870821408677,1.4983524463570455,-0.1055841520017845
0.7059015134642594,1.2338801856003137,-0.7095953782502495,0.13346430451088429,1.17818693821131,0.6194843552109853,1.011892588190635,0.5711760124087571,0.8303811324799334
0.710412066265948,-0.2509521280020695,0.20970739510975436,-0.030667938666632817,-0.4586574332544753,0.3671239411335143,-0.003820259258822053,0.2329227205448865,-0.5310229176752926
0.7149226190676365,1.8278131110412668,-1.0379177973073939,1.0361916419872284,0.3052032734295579,-0.38188176784841976,0.35893432911598405,1.066475475495139,1.9365219232310544
0.7194331718693251,0.04601433471840714,-1.2349112487416802,1.446522249931021,-0.6769033494499133,-0.9855278783217304,1.0264027717256274,-0.9449235636239492,-0.7011984239446959
0.7239437246710136,-0.8448850534430228,-1.1035822811188227,0.4617287908659185,-0.022165600863599175,-0.7836395470597536,-0.06186099339879083,-0.32277911608861554,-0.3608474114058894
0.7284542774727022,1.2338801856003137,2.113977425641191,1.446522249931021,0.632572147722715,0.7204285208419737,0.3008935949760153,-0.14761223280196822,0.31985461367172363
0.7329648302743909,0.34298079743888377,2.1468096675469055,0.2975965476884014,-0.2404115170590372,0.5387290227061946,1.6213202966603097,1.6976802790625412,1.6812586638269496
0.7374753830760794,0.04601433471840714,0.30820412082689763,-0.35893242502166706,-0.8951492656453514,0.12485794361914213,0.09775102548612408,-0.9419034449465933,-0.445935164540591
0.741985935877768,-0.8448850534430228,1.3916681037154737,0.7899932772209527,1.505555812504467,-0.8744892961276431,0.05422047488114672,-0.39526196434515914,1.4259954044228447
0.7464964886794565,0.04601433471840714,2.212474151358334,3.0878446817061924,0.19608031533183887,0.19148109293559443,-0.5697174171235194,0.628558267278521,0.31985461367172363
0.751007041481145,-0.8448850534430228,-0.18427950775881874,-0.19480018184414993,-0.1312885589613182,0.40548272407329,-0.7293294360084343,-0.8090182231429296,-1.0415494364835023
0.7555175942828336,-0.2509521280020695,-1.2349112487416802,-0.35893242502166706,0.08695735723411985,-0.4808070501667884,-0.07637117693378327,0.3597677049938378,-0.7011984239446959
0.7600281470845222,0.6399472601593604,-0.2499439915702476,1.2823900067535041,-0.3713590667763,1.4997174795132042,-0.671288701868465,-0.6791531200166222,2.787399454578071
0.7645386998862107,-0.8448850534430228,-1.1035822811188227,-0.8513291545542183,-0.5677803913521943,-1.1066608770789166,-0.3665748476336282,-0.15063235147932422,-0.8713739302140991
0.7690492526878993,-0.8448850534430228,-1.2349112487416802,-0.6871969113767012,-0.6769033494499133,-0.3899573010988988,0.649137999815829,-0.0026465362888808035,-0.445935164540591
0.7735598054895878,0.9369137228798371,0.07837842748689666,-0.19480018184414993,0.4143262315272769,0.6194843552109853,-1.0050229231732868,-0.9388833262692372,0.31985461367172363
0.7780703582912764,-0.8448850534430228,-0.8080921039673928,-0.19480018184414993,1.17818693821131,-0.5575246160463395,0.8232602022357363,-0.7667365616599457,-0.27575965827118776
0.7825809110929649,1.2338801856003137,-0.3812729591931053,0.2975965476884014,0.34885245666864534,0.892033602414654,-0.671288701868465,-0.7093543067901821,2.106697429500458
0.7870914638946536,2.1247795737617436,-0.6110986525331062,-0.35893242502166706,1.17818693821131,-0.33746633497078476,1.9985850685701083,-1.0445874799766968,0.7452933793452318
0.7916020166963421,2.1247795737617436,-1.202079006835966,0.13346430451088429,0.2179049069513826,-0.5413735495453814,-0.3375544805636433,-0.5190868301167548,0.14967910740232038
0.7961125694980307,0.6399472601593604,0.11121066939261108,0.2975965476884014,-0.043990192483142905,1.1464128998047447,0.19932231023106917,-1.0596880733634768,1.7663464169616512
0.8006231222997192,-1.1418515161634994,2.507964328509764,-0.5230646681991842,0.3052032734295579,1.215054932433817,1.2875860753554875,0.09097714270915493,-0.445935164540591
0.8051336751014078,-0.8448850534430228,-1.136414523024537,-0.35893242502166706,0.5234491896249959,-0.7735451304966547,0.7507092845607751,-0.21405484370379985,-0.7862861770793975
0.8096442279030963,0.6399472601593604,-0.742427620155964,-1.0154613977317355,-1.1133951818407894,-1.0057167114479282,-0.8018803536833955,0.07587654932237496,-0.1055841520017845
0.8141547807047849,-1.1418515161634994,-1.0050855554016793,0.6258610340434356,0.3706770482881894,-0.7594129473083163,-0.003820259258822053,0.38996889176739774,-0.5310229176752926
0.8186653335064734,-0.5479185907225461,-0.8737565877788217,-1.5078581272642868,-1.6590099723293845,-0.6625065483025675,-0.9179618219633331,0.8339263373387281,-0.9564616833488008
0.823175886308162,-0.8448850534430228,-0.742427620155964,-0.030667938666632817,0.08695735723411985,-1.3691157077194864,0.8958111199106975,-0.18083353825288412,-1.0415494364835023
0.8276864391098505,0.6399472601593604,-0.9722533134959649,-0.8513291545542183,0.3052032734295579,-0.2789187189048115,-0.06186099339879083,-1.1684123457482922,1.0856443918840382
0.8321969919115391,0.04601433471840714,1.0633456846583293,-0.030667938666632817,-0.022165600863599175,-0.2789187189048115,-0.16343227814373643,-0.40432232037722715,0.31985461367172363
0.8367075447132276,-1.1418515161634994,-0.020118298230246613,-0.5230646681991842,0.08695735723411985,0.11476352705604329,0.2718732279060304,-0.8120383418202856,-0.020496398867082873
0.8412180975149162,-0.2509521280020695,-1.4319047001759668,-0.19480018184414993,0.28337868181001413,-0.5857889824230164,0.010689924276170397,-0.6096903904374343,0.4900301199411269
0.8457286503166048,-0.5479185907225461,0.2753718789211832,1.9389189794635726,0.45797541476636433,0.47816252332760156,-1.4258182456880617,-0.6157306277921464,-1.0415494364835023
0.8502392031182934,-0.2509521280020695,-0.34844071728739084,-1.1795936409092527,0.19608031533183887,-1.1066608770789166,-0.42461558177359693,-0.12647140206047627,-0.9564616833488008
0.8547497559199819,-0.5479185907225461,-0.7752598620616784,-1.0154613977317355,-1.3316410980362274,-0.3394852182834046,0.3299139620460002,-0.8271389352070656,-0.9564616833488008
0.8592603087216705,-0.8448850534430228,0.7021910236954707,1.118257763575987,0.08695735723411985,1.7803422599673522,-0.3375544805636433,1.2688234268779905,-0.8713739302140991
0.863770861523359,-0.8448850534430228,-0.08578278204167547,-2.3285193431518723,1.9420476448953432,-0.9148669623800385,0.44599543032593775,-0.5794892036638745,-0.7011984239446959
0.8682814143250476,0.6399472601593604,-0.44693744300453414,-2.3285193431518723,-1.0042722237430703,-0.23854105265241618,-1.2226756761981705,1.030234051366867,0.14967910740232038
0.8727919671267361,-0.5479185907225461,-0.11861502394738989,0.6258610340434356,0.872642655537697,-0.3455418682212638,1.5197490119153636,0.6678198100841486,-1.0415494364835023
0.8773025199284247,1.8278131110412668,0.3738686046383265,-0.35893242502166706,0.327027865049102,1.1464128998047447,-0.787370170148403,-0.6851933573713341,0.234766860537022
0.8818130727301132,-0.5479185907225461,2.4751320866040496,-0.19480018184414993,7.616441465976732,0.6921641544652969,0.3299139620460002,0.3114458061561419,2.4470484420392644
0.8863236255318018,-1.1418515161634994,0.9648489589411862,1.446522249931021,1.832924686797624,0.9748078182320644,1.403667543635426,-0.3046584040244796,-1.0415494364835023
0.8908341783334903,0.6399472601593604,-0.4141052010988197,-1.0154613977317355,-0.2404115170590372,-0.5151280664813245,-1.077573840848248,-0.8029779857882177,-0.5310229176752926
0.8953447311351789,2.42174603648222,-0.020118298230246613,0.4617287908659185,-1.3316410980362274,0.9727889349194448,-0.8599210878233643,-0.6429116958883503,2.4470484420392644
0.8998552839368675,1.2338801856003137,-0.7095953782502495,0.2975965476884014,1.047239388494047,0.6982208044031565,0.91032130344569,-0.8512998846259134,0.7452933793452318
0.9043658367385561,1.2338801856003137,0.07837842748689666,0.2975965476884014,-0.5677803913521943,4.50583473200404,-0.540697050053535,0.6496990980200129,1.596170910692248
0.9088763895402446,-0.8448850534430228,-0.9394210715902506,-1.3437258840867696,-1.9863788466225416,-0.5534868494211,-1.440328429223054,-0.16573294486610415,-0.9564616833488008
0.9133869423419332,1.2338801856003137,0.7021910236954707,-0.5230646681991842,0.23972949857092632,0.9667322849815856,0.35893432911598405,-1.0355271239446289,0.6602056262105301
0.9178974951436217,0.6399472601593604,-0.6110986525331062,-0.5230646681991842,-0.21858692543949348,-0.3899573010988988,-1.1791451255931935,-0.6731128826619102,-0.3608474114058894
0.9224080479453103,-0.2509521280020695,1.7856550065840469,1.118257763575987,-0.2404115170590372,0.023913777988153705,0.12677139255610795,2.060094520345259,1.596170910692248
0.9269186007469988,-1.1418515161634994,-1.596065909704539,-1.6063374731707973,-1.2225181399385083,-0.9128480790674187,-1.6434709987129452,-0.3922418456678032,-0.7011984239446959
0.9314291535486874,2.1247795737617436,-0.34844071728739084,0.9541255203984699,1.17818693821131,1.0636386839873344,2.085646169780061,1.3684873432307383,1.0005566387493365
0.9359397063503759,-0.5479185907225461,-0.3156084753816764,0.4617287908659185,2.2694165191885003,-0.13759688702142775,1.011892588190635,-0.8966016647862534,-0.7862861770793975
0.9404502591520645,-0.2509521280020695,0.34103636273261206,0.6258610340434356,0.3052032734295579,0.9526001017932472,0.28638341144102286,-0.21103472502644385,0.915468885614635
0.944960811953753,-0.5479185907225461,-1.300575732553109,-1.671990370441804,-0.7860263075476324,-0.3899573010988988,-0.5697174171235194,3.7060591995042738,-0.7011984239446959
0.9494713647554416,0.6399472601593604,0.04554618558118224,-0.030667938666632817,1.7238017286999052,0.7709006036574679,0.1703019431610853,0.7886245571783882,0.06459135426761875
0.9539819175571301,-1.1418515161634994,2.17964190945262,0.7899932772209527,-1.6590099723293845,0.3166518583180201,-0.06186099339879083,0.634598504633233,-0.9564616833488008
0.9584924703588188,-1.1418515161634994,-1.7930593611388255,0.2975965476884014,-0.26223610867858094,-0.8421871631257268,1.8679934167551773,-0.8392194099164896,1.0856443918840382
0.9630030231605073,-0.8448850534430228,-1.0707500392131082,-3.9698417749270436,-1.1133951818407894,-1.2984547917777944,-0.671288701868465,0.2631239073184464,-1.0415494364835023
0.9675135759621959,-0.8448850534430228,1.6871582808669034,0.13346430451088429,0.021483582375488277,0.7688817203448484,0.6346278162808365,-1.1593519897162243,0.40494236680642526
0.9720241287638844,-0.8448850534430228,-0.4141052010988197,-2.820916072684424,-1.2225181399385083,-0.3394852182834046,-1.3532673280131005,-0.19593413163966408,-0.6161106708099943
0.976534681565573,-0.8448850534430228,-0.44693744300453414,1.2823900067535041,-1.1133951818407894,-0.17595566996120346,-0.7728599866134106,-0.21707496238115584,-0.7862861770793975
0.9810452343672615,0.6399472601593604,-0.8409243458731073,-1.376552332722273,-0.960623040503983,-0.6241477653627919,-1.2662062268031473,-0.8512998846259134,-0.445935164540591
0.9855557871689501,-0.8448850534430228,0.07837842748689666,0.13346430451088429,0.741695105820434,1.0979597003018702,-0.671288701868465,-1.1231105655879523,-0.27575965827118776
0.9900663399706386,0.9369137228798371,0.9320167170354717,0.4617287908659185,-0.022165600863599175,-0.2789187189048115,0.4024648797209614,0.6647996914067926,1.7663464169616512
0.9945768927723272,0.04601433471840714,2.0154806999240478,0.2975965476884014,0.021483582375488277,0.7688817203448484,-0.5842276006585119,-0.7848572737240816,0.234766860537022
0.9990874455740157,-0.8448850534430228,0.07837842748689666,-1.0154613977317355,0.3052032734295579,0.12485794361914213,0.48952598093091404,0.12721856683742683,-1.0415494364835023
1.0035979983757044,-0.8448850534430228,1.949816216112619,0.4617287908659185,1.3964328544067481,1.406848847132695,1.0989536894005887,2.3741868627902822,-0.9564616833488008
1.0081085511773928,-0.8448850534430228,-0.9722533134959649,-0.8513291545542183,-0.4586574332544753,-1.136944126768213,-1.8756339352728215,0.0305747691620351,-0.7011984239446959
1.0126191039790815,-1.1418515161634994,0.9976812008469006,0.7899932772209527,1.069063980113591,1.1948660993076192,1.3166064424254724,-0.6096903904374343,-0.5310229176752926
1.01712965678077,-0.8448850534430228,-0.34844071728739084,-0.8513291545542183,-1.7681329304271034,0.2863686086287236,-1.2226756761981705,-1.008346055848425,-0.8713739302140991
1.0216402095824586,-0.2509521280020695,-0.512601926815963,-1.5078581272642868,-0.8951492656453514,0.04410261111435139,-0.22147301228370572,-0.5432477795356028,-0.7862861770793975
1.026150762384147,-0.2509521280020695,1.719990522772618,-1.1795936409092527,-0.7860263075476324,0.4075016073859097,0.06873065841613916,0.3658079423485498,0.234766860537022
1.0306613151858357,0.9369137228798371,1.5229970713383314,1.2823900067535041,1.3964328544067481,1.6894925108994625,0.8377703857707288,0.9517109657556118,0.5751178730758285
1.0351718679875241,0.6399472601593604,-0.5454341687216774,0.6258610340434356,-0.1312885589613182,-0.36371181803484187,0.010689924276170397,1.2265417653950066,-0.6161106708099943
1.0396824207892128,2.1247795737617436,0.5380298141668987,0.13346430451088429,-0.34953447515675623,-0.09721922076903239,0.5330565315358914,0.25708366996373444,1.4259954044228447
1.0441929735909015,-0.2509521280020695,-0.512601926815963,-0.030667938666632817,-0.5241312081131069,-0.2768998355921917,-0.9614923725683099,-0.7999578671108617,-0.5310229176752926
1.04870352639259,0.6399472601593604,-0.1514472658531043,1.9389189794635726,-0.34953447515675623,-0.35563628478436266,-0.540697050053535,-0.9509638009786612,-0.27575965827118776
1.0532140791942786,-0.5479185907225461,-1.7602271192331111,-0.8513291545542183,-1.7681329304271034,-1.3993989574087828,-1.7885728340628677,-0.6489519332430622,-0.8713739302140991
1.057724631995967,1.5308466483207903,-0.3156084753816764,0.7899932772209527,-0.5677803913521943,-0.3596740514096023,-0.6132479677284962,2.4466697110468263,1.4259954044228447
1.0622351847976557,-1.1418515161634994,-0.08578278204167547,0.2319436504173948,-0.21858692543949348,0.00978159479981527,-0.003820259258822053,-0.9992856998163571,-0.7862861770793975
1.066745737599344,-0.5479185907225461,-0.3156084753816764,1.118257763575987,1.3964328544067481,0.06429144424054907,0.8667907528407126,-0.6821732386939782,-0.445935164540591
1.0712562904010328,-0.5479185907225461,-0.9722533134959649,0.2975965476884014,-1.0042722237430703,-0.797771730248092,-1.193655309128186,3.703039080826917,-0.445935164540591
1.0757668432027212,0.6399472601593604,2.0154806999240478,1.7747867362860554,0.021483582375488277,0.7688817203448484,1.2150351576805263,2.9872709542935483,1.0005566387493365
1.0802773960044099,-1.1418515161634994,-0.9065888296845361,-0.19480018184414993,-0.2404115170590372,-0.3899573010988988,1.6068101131253174,-0.37714125228102335,-1.0415494364835023
1.0847879488060983,-0.5479185907225461,-0.44693744300453414,-0.6871969113767012,-0.5023066164935627,-0.3172775018445871,-0.23598319581869767,-0.9479436823013052,-1.0415494364835023
1.089298501607787,0.04601433471840714,-1.0379177973073939,1.2823900067535041,1.9420476448953432,-1.0057167114479282,0.7652194680957676,-0.3318394721206835,-0.3608474114058894
1.0938090544094754,-1.1418515161634994,0.11121066939261108,-0.35893242502166706,-0.17493774220040564,0.00978159479981527,-1.1211043914532248,-0.8029779857882177,-1.0415494364835023
1.098319607211164,-1.1418515161634994,0.34103636273261206,0.4617287908659185,0.45797541476636433,0.0279515446133933,-0.003820259258822053,-0.2382157931226478,-1.0415494364835023
1.1028301600128527,0.34298079743888377,0.20970739510975436,0.6258610340434356,-0.043990192483142905,-0.14971018689714624,0.31540377851100776,-0.9902253437842891,1.0005566387493365
1.1073407128145412,0.04601433471840714,-0.9065888296845361,-0.6051307897879427,-0.7860263075476324,-0.7028842145549629,-1.1211043914532248,-0.9781448690748651,-1.0415494364835023
1.1118512656162298,0.9369137228798371,-0.2499439915702476,-0.6871969113767012,-0.4150082500153878,-0.38793841778627897,-0.7293294360084343,0.7856044385010322,0.06459135426761875
1.1163618184179183,-1.1418515161634994,-0.6439308944388207,0.4617287908659185,1.17818693821131,-0.6423177151763698,0.3008935949760153,-0.7063341881128261,-0.7862861770793975
1.120872371219607,-0.5479185907225461,-0.34844071728739084,-1.0154613977317355,-0.7423771243085449,-0.38793841778627897,-0.9034516384283411,-0.38922172699044716,-0.8713739302140991
1.1253829240212954,-0.8448850534430228,0.20970739510975436,0.7899932772209527,-1.3316410980362274,0.29646302519182244,-0.7148192524734418,-1.0778087854276126,-0.9564616833488008
1.129893476822984,1.8278131110412668,-0.9722533134959649,-0.8513291545542183,-0.960623040503983,-0.632223298613271,-0.946982189033318,-0.9207626142051013,-0.19067190513648613
1.1344040296246725,2.718712499202697,-0.5782664106273918,-0.030667938666632817,-0.3058852919176688,-0.6524121317394687,-0.17794246167872887,-0.020767248353016583,0.40494236680642526
1.1389145824263611,0.34298079743888377,-0.5782664106273918,0.13346430451088429,-0.6769033494499133,-0.5736756825472977,-0.5261868665185425,-0.9630442756880851,1.2558198981534414
1.1434251352280496,-0.5479185907225461,-0.9065888296845361,0.2975965476884014,-1.2225181399385083,-0.884583712690742,-0.1199017275387596,0.5349345882804853,-0.8713739302140991
1.1479356880297382,0.9369137228798371,-0.8080921039673928,0.2975965476884014,0.3052032734295579,-0.632223298613271,1.2295453412155188,1.2054009346535146,-0.1055841520017845
1.1524462408314269,-0.8448850534430228,-0.7095953782502495,0.13346430451088429,-1.8772558885248225,-1.086472043952719,-1.8756339352728215,-0.9751247503975091,-0.445935164540591
1.1569567936331153,-1.1418515161634994,-0.6439308944388207,1.118257763575987,-1.3316410980362274,-0.4909014667298872,-0.4536359488435813,0.6738600474388605,-0.5310229176752926
1.161467346434804,0.04601433471840714,0.20970739510975436,-0.19480018184414993,-0.2840607002981247,-0.23248440271455692,0.2718732279060304,-0.5100264740846868,-0.7862861770793975
1.1659778992364924,0.6399472601593604,0.8335199913183284,0.6258610340434356,0.3706770482881894,0.3550106412577958,-0.42461558177359693,-0.8875413087541854,1.4259954044228447
1.170488452038181,0.04601433471840714,-1.0379177973073939,-0.19480018184414993,-0.960623040503983,-0.6039589322365942,-0.6422683347984807,0.41714995986360165,-0.19067190513648613
1.1749990048398695,-0.2509521280020695,-0.6110986525331062,-0.030667938666632817,0.08695735723411985,-0.01646388826424166,-0.7003090689384494,0.7795642011463203,-0.5310229176752926
1.1795095576415582,-0.5479185907225461,1.1618424103754728,0.13346430451088429,0.632572147722715,2.890728081908225,1.011892588190635,-1.0204265305578488,-0.27575965827118776
1.1840201104432466,-0.8448850534430228,1.4901648294326169,0.13346430451088429,-1.3316410980362274,-0.09721922076903239,-1.309736777408124,-0.07512938454542442,-0.020496398867082873
1.1885306632449353,-1.1418515161634994,1.88415173230119,-1.836122613619321,0.741695105820434,0.05419702767745023,0.7797296516307589,-0.05096843512657649,-0.9564616833488008
1.1930412160466237,2.1247795737617436,0.47236533035546974,0.9541255203984699,0.632572147722715,-0.23854105265241618,-0.5987377841935038,-0.6398915772109943,0.7452933793452318
1.1975517688483124,-1.1418515161634994,-0.4797696849102486,-1.0154613977317355,-0.4586574332544753,-0.3738062345979407,-0.8744312713583567,-1.0234466492352048,-0.8713739302140991
1.2020623216500008,-0.8448850534430228,-1.0050855554016793,-1.5078581272642868,-0.4586574332544753,-0.5413735495453814,-1.0485534737782636,-0.71841466282225,-0.8713739302140991
1.2065728744516895,-0.8448850534430228,-0.1514472658531043,-1.0154613977317355,-0.6769033494499133,-0.4808070501667884,0.19932231023106917,-0.01774712967566059,-0.5310229176752926
1.2110834272533781,0.34298079743888377,0.04554618558118224,0.13346430451088429,1.17818693821131,-0.7735451304966547,0.2428528608360465,-0.6127105091147903,-0.445935164540591
1.2155939800550666,-0.5479185907225461,-0.05295054013596104,-1.5078581272642868,0.34885245666864534,-0.42024055078819533,-0.8163905372183875,-0.05096843512657649,-0.5310229176752926
1.2201045328567552,-0.8448850534430228,-0.512601926815963,-0.19480018184414993,-0.1312885589613182,-0.18806896983692195,0.25736304437103896,-0.9962655811390011,-0.9564616833488008
1.2246150856584437,-0.5479185907225461,1.096177926564044,-1.671990370441804,-0.2404115170590372,3.900169738218109,0.91032130344569,-0.7002939507581141,-0.7011984239446959
1.2291256384601323,-0.5479185907225461,-0.6767631363445351,-1.1795936409092527,0.632572147722715,-0.6423177151763698,-1.5418997139679997,-0.9570040383333732,-0.9564616833488008
1.2336361912618208,-0.8448850534430228,-0.05295054013596104,0.6258610340434356,2.051170602993062,0.4680681067645027,0.9393416705156739,2.0842554697641074,0.6602056262105301
1.2381467440635094,2.1247795737617436,0.17687515320403993,2.759580195351158,0.7853442890595214,0.01785712805029446,0.9538518540506663,-0.8512998846259134,1.5110831575575463
1.2426572968651979,-0.2509521280020695,-1.366240216364538,0.7899932772209527,0.19608031533183887,-0.8442060464383466,0.25736304437103896,2.476870897820386,-0.5310229176752926
1.2471678496668865,1.8278131110412668,1.3260036199040448,0.9541255203984699,0.436150823146821,0.00978159479981527,-0.6857988854034575,-0.8754608340447614,1.7663464169616512
1.251678402468575,-0.8448850534430228,2.5407965704154787,0.2975965476884014,1.505555812504467,0.7547495371565098,1.5197490119153636,2.7849230029106966,-0.9564616833488008
1.2561889552702636,1.2338801856003137,1.4901648294326169,2.759580195351158,1.832924686797624,0.7809950202205668,0.7507092845607751,-0.9268028515598132,0.8303811324799334
1.260699508071952,1.5308466483207903,0.7678555075068996,0.6258610340434356,1.832924686797624,-0.23854105265241618,0.7942398351657514,0.4986931641522134,0.5751178730758285
1.2652100608736407,0.6399472601593604,-0.21711174966453317,-1.0154613977317355,1.069063980113591,-0.1275024704583289,0.18481212669607774,-0.6851933573713341,0.5751178730758285
1.2697206136753294,-0.8448850534430228,-0.3156084753816764,0.6258610340434356,1.7238017286999052,-0.2183522195262185,0.3444241455809916,-0.7697566803373017,-0.7862861770793975
1.2742311664770178,0.04601433471840714,0.7678555075068996,0.7899932772209527,-1.2225181399385083,0.4842191732654608,0.010689924276170397,-0.715394544144894,3.1277504671168774
1.2787417192787065,1.8278131110412668,-0.34844071728739084,-0.19480018184414993,-0.2404115170590372,-0.25872988577861383,-0.7148192524734418,-0.9992856998163571,0.5751178730758285
1.283252272080395,0.6399472601593604,-0.7752598620616784,-1.1795936409092527,0.4143262315272769,0.3671239411335143,0.22834267730105406,-0.12647140206047627,0.8303811324799334
1.2877628248820836,1.5308466483207903,1.0633456846583293,0.4617287908659185,0.08695735723411985,-0.5413735495453814,-0.22147301228370572,-0.9298229702371693,1.0005566387493365
1.292273377683772,0.6399472601593604,1.424500345621188,-0.35893242502166706,-0.34953447515675623,0.1450467767453398,0.1703019431610853,0.4805724520880775,1.340907651288143
1.2967839304854607,-0.8448850534430228,-0.742427620155964,-1.1795936409092527,-2.0955018047202607,-0.14567242027190694,-1.0195331067082791,0.23896295789959848,-1.0415494364835023
1.3012944832871491,1.8278131110412668,-1.7602271192331111,2.759580195351158,-0.6769033494499133,-1.0561887942634223,0.44599543032593775,-0.5643886102770946,1.1707321450187398
1.3058050360888378,-0.2509521280020695,0.04554618558118224,2.2671834658186065,0.632572147722715,0.8718447692884563,3.6092154409542467,1.2325820027497185,-0.9564616833488008
1.3103155888905262,1.2338801856003137,-1.0050855554016793,0.7899932772209527,0.5234491896249959,-0.2567110024659942,0.4605056138609302,0.34768723028441384,2.957574960847474
1.314826141692215,0.6399472601593604,2.409467602792621,-0.19480018184414993,0.3052032734295579,-0.14567242027190694,-0.22147301228370572,-0.434523507150787,-0.19067190513648613
1.3193366944939036,1.5308466483207903,1.1290101684697582,1.118257763575987,-0.043990192483142905,0.5851633388964492,-1.1065942079182323,-0.7304951375316739,1.6812586638269496
1.323847247295592,-1.1418515161634994,-0.9394210715902506,-1.0154613977317355,-0.6114295745912818,0.03400819455125255,0.41697506325595285,-0.6308312211789263,-0.7011984239446959
1.3283578000972807,-0.2509521280020695,-0.020118298230246613,-1.671990370441804,-0.2840607002981247,0.05621591099006988,0.5185463480008989,-1.0415673612993408,-0.7011984239446959
1.332868352898969,-0.5479185907225461,-0.6767631363445351,-1.1795936409092527,-1.3316410980362274,1.1242051833659275,-1.193655309128186,0.4292304345730256,-0.8713739302140991
1.3373789057006578,-0.5479185907225461,-2.154214022101684,-1.3437258840867696,-0.1312885589613182,-1.0965664605158176,-1.193655309128186,-0.42244303244136305,-0.9564616833488008
1.3418894585023462,-1.1418515161634994,1.3260036199040448,0.2975965476884014,0.741695105820434,-0.13154023708356852,2.4919313087598445,-0.3257992347659715,-0.6161106708099943
1.3464000113040349,-1.1418515161634994,-0.8737565877788217,-0.6871969113767012,1.069063980113591,-0.4909014667298872,1.7664221320102322,-0.31975899741125957,-0.9564616833488008
1.3509105641057233,0.04601433471840714,0.11121066939261108,0.6258610340434356,-0.5241312081131069,0.13495236018224097,-0.018330442793814503,0.19366117773925862,-0.5310229176752926
1.355421116907412,0.34298079743888377,0.47236533035546974,0.7899932772209527,0.4798000063859085,0.49835135645379924,-0.021232479500812376,0.5077535201842813,3.0426627139821756
1.3599316697091004,-0.5479185907225461,0.2425396370154688,0.13346430451088429,-0.34953447515675623,0.5185401895799969,0.11226120902111653,0.3597677049938378,-0.7011984239446959
1.364442222510789,-0.2509521280020695,0.2753718789211832,-0.6871969113767012,0.3052032734295579,0.07438586080364791,-1.3532673280131005,-0.4768051686337709,-0.9564616833488008
1.3689527753124775,-0.8448850534430228,-0.4797696849102486,-1.836122613619321,-1.1133951818407894,0.4377848570752062,-0.5987377841935038,-0.8784809527221175,-0.3608474114058894
1.3734633281141662,-0.8448850534430228,0.6036942979783274,0.13346430451088429,-0.34953447515675623,0.2661797755025259,-1.208165492663178,1.075535831527207,-0.8713739302140991
1.3779738809158548,-0.8448850534430228,0.7350232656011851,0.7899932772209527,1.832924686797624,0.2661797755025259,1.984074885035116,-0.4133826764092951,1.0856443918840382
1.3824844337175433,1.2338801856003137,-0.4797696849102486,0.6258610340434356,-0.5459557997326505,-0.0265583048273405,-1.1356145749882167,1.160099154493175,0.06459135426761875
1.386994986519232,2.718712499202697,1.194674652281187,3.4161091680612263,0.632572147722715,0.7628250704069888,1.43268791070541,-0.6489519332430622,0.915468885614635
1.3915055393209204,-0.5479185907225461,-0.020118298230246613,-0.19480018184414993,0.3052032734295579,-0.5918456323608756,0.9683620375856588,1.2507027148138545,-0.8713739302140991
1.396016092122609,0.9369137228798371,0.2425396370154688,-0.35893242502166706,2.160293561090781,-0.28901313546791035,0.8813009363757051,-0.09929033396427235,0.8303811324799334
1.4005266449242975,-0.5479185907225461,-1.0379177973073939,-1.0154613977317355,-0.6332541662108259,0.08044251074150716,-1.2952265938731315,-0.8482797659485575,-0.7011984239446959
1.4050371977259861,0.9369137228798371,0.6693587817897563,1.446522249931021,-0.5677803913521943,3.2945047444321784,-0.29402392995866694,-1.0385472426219848,0.8303811324799334
1.4095477505276746,-0.2509521280020695,1.5558293132440457,0.13346430451088429,-1.1133951818407894,-0.28901313546791035,-0.3665748476336282,-0.6157306277921464,-0.19067190513648613
1.4140583033293632,-1.1418515161634994,-0.742427620155964,-0.6215440141056946,-0.4150082500153878,0.08044251074150716,-1.077573840848248,-0.6610324079524862,-0.9564616833488008
1.4185688561310517,0.04601433471840714,0.17687515320403993,1.2823900067535041,-1.9863788466225416,0.013819361425054865,0.3008935949760153,0.38090853573532973,-0.445935164540591
1.4230794089327403,0.04601433471840714,-0.11861502394738989,-0.19480018184414993,0.17425572371229514,-0.08712480420593355,1.7519119484752397,1.3050648510062623,-0.6161106708099943
1.4275899617344288,-0.5479185907225461,0.01271394367546781,0.2975965476884014,-0.2404115170590372,0.4680681067645027,0.5040361644659065,0.03359488783939109,-0.6161106708099943
1.4321005145361174,0.6399472601593604,0.11121066939261108,0.4617287908659185,0.19608031533183887,0.33078404150635854,-0.7003090689384494,0.28124461938258205,1.340907651288143
1.436611067337806,-0.8448850534430228,1.5229970713383314,1.2823900067535041,-0.022165600863599175,0.6638997880886203,0.3734445126509765,1.3080849696836183,1.596170910692248
1.4411216201394945,-0.5479185907225461,0.2425396370154688,0.1991172017818909,0.17425572371229514,0.43172820713734694,0.8813009363757051,-0.5070063554073309,0.6602056262105301
1.4456321729411832,0.04601433471840714,-0.3812729591931053,0.2975965476884014,-1.0042722237430703,-0.5413735495453814,-0.5842276006585119,-1.0687484293955447,-0.5310229176752926
1.4501427257428716,0.6399472601593604,-1.366240216364538,0.6258610340434356,0.741695105820434,-0.050784904578777774,1.0699333223306038,-0.8905614274315414,-0.445935164540591
1.4546532785445603,1.8278131110412668,-0.21711174966453317,0.4289023422304146,-0.8733246740258076,0.08851804399198634,0.31250174180400886,-0.6368714585336382,-0.27575965827118776
1.4591638313462487,-0.5479185907225461,0.17687515320403993,-2.164387099974355,-0.8951492656453514,1.8308143427828463,0.28638341144102286,-0.8935815461088974,-0.9564616833488008
1.4636743841479374,1.5308466483207903,1.3916681037154737,0.4617287908659185,-0.3713590667763,1.0818086338009123,0.05422047488114672,-0.9781448690748651,1.0005566387493365
1.4681849369496258,-0.5479185907225461,-0.9394210715902506,-0.6871969113767012,0.3052032734295579,0.06429144424054907,0.8087500187007438,0.610437555214385,-0.8713739302140991
1.4726954897513145,-0.2509521280020695,1.194674652281187,-0.6871969113767012,-1.7681329304271034,2.355724004063986,-0.17794246167872887,-0.5341874235035348,-0.7862861770793975
1.477206042553003,0.34298079743888377,0.1440429112983255,0.4617287908659185,-0.2404115170590372,-1.328738041467091,-0.4101053982386045,-0.09929033396427235,0.5751178730758285
1.4817165953546916,1.8278131110412668,0.2425396370154688,-0.8513291545542183,0.741695105820434,-0.1900878531495416,1.273075891820496,-0.09325009660956037,0.40494236680642526
1.48622714815638,-1.1418515161634994,0.40670084654404093,-1.1795936409092527,-1.0042722237430703,1.3866600140064973,-0.8744312713583567,-0.3620406588942434,-1.0415494364835023
1.4907377009580687,-0.2509521280020695,-0.6439308944388207,0.13346430451088429,0.45797541476636433,0.10063134386770485,-0.42461558177359693,-1.0596880733634768,-0.1055841520017845
1.4952482537597573,0.9369137228798371,2.1468096675469055,-1.836122613619321,0.4143262315272769,2.40619608687948,0.21383249376606162,1.069495594172495,0.06459135426761875
1.4997588065614458,-0.2509521280020695,1.6871582808669034,0.4617287908659185,1.069063980113591,0.3166518583180201,0.19932231023106917,1.5043926837117574,-0.19067190513648613
1.5042693593631344,1.8278131110412668,-0.9065888296845361,-0.030667938666632817,-1.2225181399385083,-0.5575246160463395,-1.3532673280131005,0.3718481797032618,1.9365219232310544
1.5087799121648229,-0.8448850534430228,-0.44693744300453414,-1.0154613977317355,1.832924686797624,0.2459909423763282,0.44599543032593775,-0.17177318222081614,-0.7862861770793975
1.5132904649665115,0.34298079743888377,-0.8080921039673928,0.2975965476884014,-0.2404115170590372,-0.5575246160463395,0.4605056138609302,-0.28351757328298766,1.596170910692248
1.5178010177682,0.04601433471840714,-1.2677434906473948,1.118257763575987,-1.1133951818407894,-0.23854105265241618,-0.4536359488435813,-0.4677448126017029,0.06459135426761875
1.5223115705698886,-0.8448850534430228,-0.2499439915702476,-0.5230646681991842,0.741695105820434,0.4680681067645027,0.8232602022357363,-0.5523081355676707,-1.0415494364835023
1.526822123371577,-0.8448850534430228,0.8991844751297573,-0.35893242502166706,-0.022165600863599175,-0.2688243023417127,-0.4536359488435813,-0.37110101492631137,0.7452933793452318
1.5313326761732657,0.34298079743888377,-0.1514472658531043,1.118257763575987,0.08695735723411985,-0.4909014667298872,0.9683620375856588,-0.6670726453071982,0.7452933793452318
1.5358432289749542,-0.8448850534430228,-0.34844071728739084,1.7747867362860554,0.15243113209275141,-0.4162027841629557,0.05422047488114672,-0.6247909838242143,1.0005566387493365
1.5403537817766428,0.04601433471840714,-0.3156084753816764,0.4617287908659185,1.17818693821131,0.090536927304606,1.011892588190635,-0.712374425467538,0.40494236680642526
1.5448643345783315,-0.8448850534430228,-0.18427950775881874,0.4617287908659185,-0.022165600863599175,0.2661797755025259,0.5330565315358914,0.07285643064501898,-0.7011984239446959
1.54937488738002,-1.1418515161634994,0.6365265398840418,0.9541255203984699,-0.34953447515675623,-0.48484481679202796,-0.003820259258822053,-0.1174110460284083,-0.9564616833488008
1.5538854401817086,-0.5479185907225461,1.7528227646783323,1.2823900067535041,0.19608031533183887,1.2796591984376493,-1.3822876950830854,-0.440563744505499,-0.9564616833488008
1.558395992983397,-0.5479185907225461,-0.9722533134959649,-1.671990370441804,-0.08763937572223074,-0.11135140395737082,-0.3375544805636433,-0.9992856998163571,-0.9564616833488008
1.5629065457850857,-0.2509521280020695,0.2753718789211832,0.4617287908659185,-0.6769033494499133,-0.7533562973704571,-0.5842276006585119,-0.449624100537567,0.06459135426761875
1.5674170985867741,1.2338801856003137,-0.05295054013596104,1.118257763575987,-0.022165600863599175,-0.4242783174134349,-0.5842276006585119,-0.6429116958883503,-0.9564616833488008
1.5719276513884628,-0.5479185907225461,1.719990522772618,1.2823900067535041,0.850818063918153,-0.3394852182834046,1.7519119484752397,0.5258742322484173,-0.7862861770793975
1.5764382041901512,-0.5479185907225461,-0.512601926815963,-1.3437258840867696,-0.2404115170590372,0.11476352705604329,-0.4971664994485582,-0.13855187676990025,-0.9564616833488008
1.58094875699184,-0.5479185907225461,-0.5454341687216774,0.21553042609964285,0.19608031533183887,-0.30112643534362904,-1.324246960943116,0.2661440259958024,1.6812586638269496
1.5854593097935283,0.04601433471840714,-0.8737565877788217,-1.0154613977317355,0.3052032734295579,-0.06693597107973587,0.4314852467909453,-0.5674087289544506,-0.445935164540591
1.589969862595217,-1.1418515161634994,0.1440429112983255,1.118257763575987,-0.2404115170590372,-0.3394852182834046,-0.7293294360084343,0.13023868551478282,-1.0415494364835023
1.5944804153969054,1.2338801856003137,-1.8587238449502543,-0.030667938666632817,-0.6769033494499133,-0.545411316170621,-0.06186099339879083,0.3869487730900417,0.7452933793452318
1.598990968198594,-0.5479185907225461,-0.742427620155964,-1.0154613977317355,-1.3316410980362274,0.06429144424054907,0.6056074492108526,-0.05700867248128848,-1.0415494364835023
1.6035015210002828,-0.8448850534430228,-0.6439308944388207,0.13346430451088429,0.5016245980054518,-0.3859195344736592,1.0264027717256274,-0.5402276608582467,0.7452933793452318
1.6080120738019712,2.1247795737617436,-0.05295054013596104,0.6258610340434356,0.850818063918153,-0.03665272139043934,1.43268791070541,0.9456707284008997,1.2558198981534414
1.6125226266036599,-0.2509521280020695,-0.6439308944388207,-2.3285193431518723,-1.0042722237430703,-0.6019400489239745,-0.23598319581869767,-0.21707496238115584,-0.6161106708099943
1.6170331794053483,-0.8448850534430228,-0.4141052010988197,-1.1795936409092527,-1.2225181399385083,-0.37986288453579997,-0.5697174171235194,-0.7637164429825898,-0.9564616833488008
1.621543732207037,1.5308466483207903,0.6036942979783274,1.7747867362860554,0.5670983728640834,-0.3415041015960244,0.0397102913461553,0.7916446758557442,1.0005566387493365
1.6260542850087254,2.718712499202697,1.030513442752615,1.2823900067535041,0.850818063918153,-0.13759688702142775,1.1860147906105425,2.1204968938923794,0.4900301199411269
1.630564837810414,2.42174603648222,-0.7095953782502495,0.9541255203984699,0.4143262315272769,-0.4909014667298872,-0.35206466409863574,0.048695481226171046,1.0856443918840382
1.6350753906121025,-0.8448850534430228,0.8335199913183284,1.7747867362860554,1.287309896309029,0.3751994743839935,2.4484007581548672,-0.34391994683010746,-0.5310229176752926
1.6395859434137912,-0.8448850534430228,-1.3334079744588236,0.13346430451088429,1.287309896309029,-0.9754334617586315,2.0130952521050998,1.8849276370586125,-0.1055841520017845
1.6440964962154796,-0.2509521280020695,2.1468096675469055,-0.19480018184414993,-0.7860263075476324,0.4680681067645027,0.5765870821408677,-0.1929140129623081,0.234766860537022
1.6486070490171683,0.6399472601593604,1.3260036199040448,-0.8513291545542183,0.10878194885366357,-0.07501150433021506,-1.1791451255931935,-0.8875413087541854,1.4259954044228447
1.6531176018188567,0.04601433471840714,0.47236533035546974,-0.19480018184414993,-0.15311315058086192,-0.5514679661084803,-0.17794246167872887,2.144657843311227,-0.9564616833488008
1.6576281546205454,-0.8448850534430228,-0.020118298230246613,0.4617287908659185,1.069063980113591,-0.8038283801859513,0.9538518540506663,-0.6368714585336382,-0.445935164540591
1.662138707422234,-0.2509521280020695,-0.44693744300453414,-0.8513291545542183,-0.5677803913521943,-0.40207060097461744,-0.9324720054983255,-0.7516359682731659,-0.7011984239446959
1.6666492602239225,-1.1418515161634994,1.949816216112619,1.2823900067535041,1.6146787706021861,3.597337241325144,1.5777897460553325,-0.7546560869505219,-0.6161106708099943
1.6711598130256111,1.2338801856003137,1.0633456846583293,0.4617287908659185,0.3052032734295579,-0.22642775277669766,-0.003820259258822053,-0.0872098592548484,1.0005566387493365
1.6756703658272996,-0.8448850534430228,0.20970739510975436,1.2823900067535041,1.069063980113591,-0.440429383914393,0.5910972656758602,1.7671430086417286,0.31985461367172363
1.6801809186289882,0.9369137228798371,0.5051975722611842,1.446522249931021,1.287309896309029,-0.3677495846600813,-0.06186099339879083,-0.24425603047735978,0.4900301199411269
1.6846914714306767,-1.1418515161634994,0.04554618558118224,-0.030667938666632817,0.4143262315272769,-0.28699425215529056,0.5620768986058753,-0.6459318145657063,1.596170910692248
1.6892020242323653,-0.8448850534430228,-0.512601926815963,0.2975965476884014,-0.043990192483142905,-0.5857889824230164,0.7361991010257827,-0.8301590538844216,-0.6161106708099943
1.6937125770340538,0.6399472601593604,2.2453063932640487,1.6106544931085383,0.436150823146821,0.7809950202205668,0.44599543032593775,-0.5855294410185864,2.787399454578071
1.6982231298357424,-0.5479185907225461,-1.1035822811188227,-1.1795936409092527,-0.34953447515675623,-1.389304540845684,-0.5842276006585119,0.8882884735311359,-0.9564616833488008
1.7027336826374309,1.5308466483207903,1.5886615551497603,0.13346430451088429,0.19608031533183887,0.6295787717740842,1.6793610308002787,-0.20801460634908786,0.8303811324799334
1.7072442354391195,1.5308466483207903,-1.0707500392131082,-0.8513291545542183,-0.32770988353721253,-0.6564498983647082,-1.440328429223054,-0.9962655811390011,-0.020496398867082873
1.711754788240808,1.8278131110412668,-0.6767631363445351,0.2975965476884014,2.051170602993062,0.2661797755025259,0.06873065841613916,-0.9086821394956773,2.532136195173966
1.7162653410424966,-0.5479185907225461,0.01271394367546781,-0.19480018184414993,-0.2404115170590372,-0.4767692835415488,0.6346278162808365,-0.39828208302251517,-0.5310229176752926
1.7207758938441853,0.34298079743888377,-0.020118298230246613,-0.030667938666632817,-0.6769033494499133,-0.42024055078819533,-0.9034516384283411,-0.6851933573713341,-0.27575965827118776
1.7252864466458737,-0.8448850534430228,0.1440429112983255,-1.0154613977317355,0.1306065404732073,-0.28699425215529056,-0.3375544805636433,-0.37110101492631137,1.1707321450187398
1.7297969994475624,-0.8448850534430228,-0.9394210715902506,-0.19480018184414993,0.19608031533183887,-0.6201099987375523,-0.29402392995866694,-0.4737850499564149,-0.8713739302140991
